{"Fid":"eKKkg65zyBITUEu1vJcoB_","Status":3,"AuthToken":"eyJhbGciOiJFUzI1NiIsInR5cCI6IkpXVCJ9.eyJhcHBJZCI6IjE6NzMyNTY1OTIwMjU5OmFuZHJvaWQ6ZjZlNThhYjBlZDIwYzNjZCIsImV4cCI6MTc2MjU3Nzg2MSwiZmlkIjoiZUtLa2c2NXp5QklUVUV1MXZKY29CXyIsInByb2plY3ROdW1iZXIiOjczMjU2NTkyMDI1OX0.AB2LPV8wRQIhAJmQ4g2JTwIDZiaRKMj13cpJmP76O_v9gQlOiyCwu6meAiAWMYDEscKdnPV7Jqo-zqXyHt16yu6lQZMrcTpm9G_3jQ","RefreshToken":"3_AS3qfwJUm-q-VdlQCv0azKColzOOAg-jrXe9UthuDtkVvTI2BDkqHoC0-umOEx5vLrGQtAmqwVSmJw509b8VmyClPr_anFj_2YfIcnyZxnum7_I","TokenCreationEpochInSecs":1761973062,"ExpiresInSecs":604800}