{"configs_key":{"should_track_revenue":"false","is_faq_enabled":"false","immediate_update_min_priority":"4","enable_event_duplicasy_check":"false","in_app_update_min_version":"0","fallback_on_splash":"false","client_dns":"true","facebook_blocked_params":"[\"user_phone\",\"user_email\",\"ip\",\"dob\",\"installer_package\"]","should_force_advance_web_view_resuming":"true","enabled_countries_for_multi_profile":"[\"IN\",\"US\"]","enable_smart_cache":"false","firebase_param_trimmed_events_list":" [\"purchase_success\",\"payment_completed\",\"purchase_success_dolphin\",\"payment_successful\",\"purchase_success_whale\",\"purchase_success_age_L\",\"purchase_success_male\",\"purchase_success_sub\"] ","explore_tab_index":"1","rating_popup_cycles_limit":"7","auth_refresh_scheduler_time":"10","firebase_allowed_events_list":" [\"notification_received\",\"player_progress_0\",\"app_session_start\",\"dns_api_failure\",\"first_install\",\"screen_load\",\"payment_started\",\n            \"alternate_payment_selected\",\"payment_completed\",\"purchase_success\",\"listen_15_min\",\"purchase_success_dolphin\",\n            \"show_20_minutes_listened\",\"two_shows_listened\",\"listen_30_min\",\"audiobook_listen_4hr\",\"level_achieved\",\"payment_successful\",\"purchase_success_whale\",\"purchase_success_age_L\",\"payment_failed\",\"purchase_success_male\"\n            ,\"payment_method_initiated\",\"re_install_purchase_success\",\"female_first_open\",\"re_install_level_acheived\",\"payment_tracking\",\"purchase_cancelled\",\"purchase_failed\",\"payment_method_visited\",\"vip_payment_started\",\"initiate_checkout\",\"payment_failed_internal\",\"purchase_success_sub\",\"search_click\",\"payment_pending\",\"search_results\",\"level_achieved_40\"]","log_marketing_events":"true","app_stores":"[\"com.android.vending\"]","byteplus_player_state_completed_duration_0_check":"true","should_ignore_age_check":"false","interstitial_ep_count":"5","show_vid_trailer":"false","batch_idle_time":"60","login_options":"{\"IN\":[\"phone_number\",\"skip\"],\"default\":[\"email\",\"google\",\"skip\"]}","detect_screen_lock":"false","default_show_bottom_sheet_options":"SHARE","flexible_update_min_priority":"2","exo_cache_size":"200","firebase_permitted_params_list":" [\"value,currency\",\"order_id\",\"user_deviceId\",\"uid\"] ","allowed_map_of_ad_event_types":" {\n            \"offerwall\": {\n            \"firebase\": [\n            \"ow_status\"\n            ],\n            \"athena\": [\n            \"ow_status\"\n            ]\n            },\n            \"DEBUG\": {\n            \"firebase\": [\n            \"rv_response_validator\",\n            \"adPrefetchResponded\",\n            \"adClickToLoadTime\",\n            \"onFallbackAdAttempted\",\n            \"on_ad_manual_back_event\",\n            \"on_ad_auto_back_event\"\n            ],\n            \"athena\": [\n            \"rv_response_validator\",\n            \"onAdAttempted\",\n            \"onAdImpression\",\n            \"onAdLoaded\",\n            \"onAdBlocked\",\n            \"onAdFailedToLoad\",\n            \"onUserEarnerReward\",\n            \"adPrefetchResponded\",\n            \"adClickToLoadTime\",\n            \"onFallbackAdAttempted\",\n            \"on_ad_manual_back_event\",\n            \"on_ad_auto_back_event\",\n            \"NATIVE_PREFETCH\"\n            ]\n            },\n            \"INTERNAL\": {\n            \"firebase\": [\n            \"NATIVE_PREFETCH\"\n            ],\n            \"athena\": [\n            \"onAdInit\",\n            \"onAdImpression\",\n            \"onAdLoaded\",\n            \"onAdBlocked\",\n            \"onAdFailedToLoad\",\n            \"onFallbackAdAttempted\",\n            \"NATIVE_PREFETCH\"\n            ]\n            },\n            \"BANNER\": {\n            \"firebase\": [\n            \"NATIVE_PREFETCH\"\n            ],\n            \"athena\": [\n            \"onAdInit\",\n            \"onAdImpression\",\n            \"onAdLoaded\",\n            \"onAdBlocked\",\n            \"onAdFailedToLoad\",\n            \"onAdClicked\",\n            \"BannerAdLoadTime\",\n            \"onFallbackAdAttempted\",\n            \"NATIVE_PREFETCH\"\n            ]\n            },\n            \"NATIVE\": {\n            \"firebase\": [\n            \"NATIVE_PREFETCH\"\n            ],\n            \"athena\": [\n            \"onAdInit\",\n            \"onAdImpression\",\n            \"onAdLoaded\",\n            \"onAdClicked\",\n            \"BannerAdLoadTime\",\n            \"onAdBlocked\",\n            \"onAdFailedToLoad\",\n            \"onFallbackAdAttempted\",\n            \"NATIVE_PREFETCH\"\n            ]\n            },\n            \"COMBINED_DISPLAY_AD\": {\n            \"firebase\": [\n            \"NATIVE_PREFETCH\"\n            ],\n            \"athena\": [\n            \"onAdInit\",\n            \"onAdImpression\",\n            \"onAdLoaded\",\n            \"onAdBlocked\",\n            \"onAdClicked\",\n            \"BannerAdLoadTime\",\n            \"onAdFailedToLoad\",\n            \"onFallbackAdAttempted\",\n            \"NATIVE_PREFETCH\"\n            ]\n            },\n            \"REWARDED_VIDEO\": {\n            \"firebase\": [\n            \"adPrefetchResponded\",\n            \"adClickToLoadTime\",\n            \"onFallbackAdAttempted\",\n            \"on_ad_manual_back_event\",\n            \"on_ad_auto_back_event\",\n            \"on_ad_load_timeout\"\n            ],\n            \"athena\": [\n            \"onAdAttempted\",\n            \"onAdInit\",\n            \"onAdLoaded\",\n            \"onAdImpression\",\n            \"onAdBlocked\",\n            \"onAdFailedToLoad\",\n            \"onUserEarnedReward\",\n            \"adPrefetchResponded\",\n            \"adClickToLoadTime\",\n            \"onFallbackAdAttempted\",\n            \"on_ad_manual_back_event\",\n            \"on_ad_auto_back_event\",\n            \"on_ad_load_timeout\"\n            ]\n            },\n            \"INTERSTITIAL\": {\n            \"firebase\": [\n            \"adPrefetchResponded\",\n            \"adClickToLoadTime\",\n            \"onFallbackAdAttempted\",\n            \"on_ad_manual_back_event\",\n            \"on_ad_auto_back_event\",\n            \"on_ad_load_timeout\"\n            ],\n            \"athena\": [\n            \"onAdAttempted\",\n            \"onAdInit\",\n            \"onAdLoaded\",\n            \"onAdImpression\",\n            \"onAdBlocked\",\n            \"onAdFailedToLoad\",\n            \"onUserEarnedReward\",\n            \"adPrefetchResponded\",\n            \"adClickToLoadTime\",\n            \"onFallbackAdAttempted\",\n            \"on_ad_manual_back_event\",\n            \"on_ad_auto_back_event\",\n            \"on_ad_load_timeout\"\n            ]\n            },\n            \"REWARDED_INTERSTITIAL\": {\n            \"firebase\": [\n            \"adPrefetchResponded\",\n            \"adClickToLoadTime\",\n            \"onFallbackAdAttempted\",\n            \"on_ad_manual_back_event\",\n            \"on_ad_auto_back_event\",\n            \"on_ad_load_timeout\"\n            ],\n            \"athena\": [\n            \"onAdAttempted\",\n            \"onAdInit\",\n            \"onAdLoaded\",\n            \"onAdImpression\",\n            \"onAdBlocked\",\n            \"onAdFailedToLoad\",\n            \"onUserEarnedReward\",\n            \"adPrefetchResponded\",\n            \"adClickToLoadTime\",\n            \"onFallbackAdAttempted\",\n            \"on_ad_manual_back_event\",\n            \"on_ad_auto_back_event\",\n            \"on_ad_load_timeout\"\n            ]\n            }\n            }","log_instream_ads_issue_check_event":"false","refresh_interval_for_new_show_popup":"24","impression_event_visibility_threshold":"0","impression_record_time":"1000","auth_refresh_time_before_api_check":"5","cast_enabled":"false","smart_cache_size":"300","threshold_minutes_for_level_achieved":"60","notification_events_fireback_time_max":"60","show_bottom_nav_tabs_from_local":"true","is_web_share_enabled":"false","default_reel_player_bottom_sheet_options":"SHARE,SLEEP,SPEED","should_allow_aps_prefetch":"false","should_use_local_rv_config":"true","should_allow_instream_ads_preload":"false","log_network_speed":"false","default_player_options":"SPEED,SLEEP,COMMENT,DOWNLOAD","fallback_ip_version_2":"false","log_device_env_info_v2":"false","play_event_batch_size":"2","locale_refresh_interval":"120","default_content_ln":"en","uxcam_country_config":"[]","detach_surface_timeout_duration":"2000","is_client_controlled_limited_experience_allowed":"true","app_service_down_data":"{\"title\":\"We are making things better for you\",\"message\":\"The app is under maintenance. We will let you know as soon as we are back.\",\"imageUrl\":\"https:\/\/djhonz7dexnot.cloudfront.net\/dadd65cd4ace6856d7a3e9f349418448570427b5.webp\"}","enable_detach_surface_timeout":"false","app_not_opening_fix_timeout":"5","default_reel_player_options":"EPISODES,COMMENT,DOWNLOAD,ADD_LIBRARY","log_device_env_info":"false","inc_play_events":"false","meta_sdk_allowed_events_list":" [\n            \"audiobook_activated\",\n            \"reinstalled_user_login_successful\",\n            \"female_first_open\",\n            \"apps_flyer_attributes\",\n            \"user_preference_change\",\n            \"purchase_success_whale\",\n            \"purchase_success_super_whale\",\n            \"%s_language_selection\"\n            ]","attach_ima_ad_container":"false","player_re_prepare_delay_time":"3","flutter_ugc":"true","data_sell_opt_out_form_link":"https:\/\/forms.gle\/z3BdrSERKeHHSSzC9","client_dns_v2":"true","v203_batch_size":"2","should_show_rv_discount_communication":"false","rating_enable_story_count":"8","show_rating_hex_mapv2":" {\"0.0\": \"#7E0100\",\"1.0\": \"#7E0100\", \"1.1\": \"#880100\", \"1.2\": \"#910100\", \"1.3\":\n            \"#9C0100\", \"1.4\": \"#A70000\", \"1.5\": \"#B10000\", \"1.6\": \"#BC0000\", \"1.7\": \"#C70001\",\n            \"1.8\": \"#D20001\", \"1.9\": \"#DC0001\", \"2.0\": \"#E70001\", \"2.1\": \"#EB0806\", \"2.2\":\n            \"#EF1B11\", \"2.3\": \"#F32D1C\", \"2.4\": \"#F64229\", \"2.5\": \"#FA5534\", \"2.6\": \"#FE6B41\",\n            \"2.7\": \"#FE773C\", \"2.8\": \"#FC8234\", \"2.9\": \"#FB8B2D\", \"3.0\": \"#FA9626\", \"3.1\":\n            \"#F69922\", \"3.2\": \"#EB9B1B\", \"3.3\": \"#DF9D14\", \"3.4\": \"#D39F0E\", \"3.5\": \"#C7A107\",\n            \"3.6\": \"#B8A509\", \"3.7\": \"#A9AA0A\", \"3.8\": \"#9AAF0C\", \"3.9\": \"#8CB40E\", \"4.0\":\n            \"#7BB910\", \"4.1\": \"#75B711\", \"4.2\": \"#68AD14\", \"4.3\": \"#5CA516\", \"4.4\": \"#4F9B19\",\n            \"4.5\": \"#42911C\", \"4.6\": \"#36881F\", \"4.7\": \"#297E22\", \"4.8\": \"#1C7524\", \"4.9\":\n            \"#106C27\", \"5.0\": \"#0D6629\"}","audiobook_activated_duration_threshold":"3600","audiobook_4hours_duration_threshold":"14400","fm_can_fallback_to_ips":"true","smart_cache_backup_size":"10","sync_playtime_upper_limit_in_seconds":"30","is_app_service_down":"false","fm_fallback_ips":"[]","track_page_performance":"false","is_limited_experience_allowed":"false","play_inc_ratio":"0","should_send_facebook_custom_conversion_events":"true","rating_enable_story_count_repeated":"true","default_player_bottom_sheet_options":"SHARE","disable_crashlytics_side_load_apps":"true"},"fetch_time_key":0,"abt_experiments_key":[],"personalization_metadata_key":{},"template_version_number_key":0,"rollout_metadata_key":[]}