[{"timestamp":"2025-11-03T03:20:57.370Z","type":"session","data":{"state":"start"},"category":"app.lifecycle","level":"info"},{"timestamp":"2025-11-03T03:20:57.373Z","type":"session","data":{"state":"session.start"},"category":"app.lifecycle","level":"info"},{"timestamp":"2025-11-03T03:20:57.374Z","type":"system","data":{"action":"NETWORK_AVAILABLE"},"category":"network.event","level":"info"},{"timestamp":"2025-11-03T03:20:57.375Z","type":"system","data":{"upload_bandwidth":15000,"action":"NETWORK_CAPABILITIES_CHANGED","vpn_active":false,"network_type":"cellular","download_bandwidth":30000},"category":"network.event","level":"info"},{"timestamp":"2025-11-03T03:20:57.377Z","type":"navigation","data":{"state":"foreground"},"category":"app.lifecycle","level":"info"},{"timestamp":"2025-11-03T03:20:57.382Z","message":"Running \"Ottplay","data":{"logger":"console","arguments":["Running \"Ottplay"]},"category":"console","level":"debug"},{"timestamp":"2025-11-03T03:20:57.767Z","message":"Navigation to SplashScreen","type":"navigation","data":{"to":"SplashScreen"},"category":"navigation","level":"info"},{"timestamp":"2025-11-03T03:20:59.115Z","type":"system","data":{"level":80.0,"charging":false,"action":"BATTERY_CHANGED"},"category":"device.event","level":"info"},{"timestamp":"2025-11-03T03:20:59.318Z","message":"==>Error signing in anonymously: Error: [auth/admin-restricted-operation] This operation is restricted to administrators only.","data":{"logger":"console","arguments":["==>Error signing in anonymously:",{"name":"Error","stack":"NativeFirebaseError: [auth/admin-restricted-operation] This operation is restricted to administrators only.\n    at signInAnonymously (address at index.android.bundle:1:8124260)\n    at ?anon_0_ (address at index.android.bundle:1:8120073)\n    at next (native)\n    at asyncGeneratorStep (address at index.android.bundle:1:152877)\n    at _next (address at index.android.bundle:1:153150)\n    at anonymous (address at index.android.bundle:1:153102)\n    at tryCallTwo (address at index.android.bundle:1:269559)\n    at doResolve (address at index.android.bundle:1:270878)\n    at Promise (address at index.android.bundle:1:269655)\n    at anonymous (address at index.android.bundle:1:153023)\n    at apply (native)","message":"[auth/admin-restricted-operation] This operation is restricted to administrators only."}]},"category":"console","level":"error"},{"timestamp":"2025-11-03T03:20:59.400Z","message":"New Relic disabled via remote config - skipping initialization","data":{"logger":"console","arguments":["New Relic disabled via remote config - skipping initialization"]},"category":"console","level":"debug"},{"timestamp":"2025-11-03T03:21:01.708Z","type":"http","data":{"status_code":200.0,"method":"GET","url":"https://ottwatch-webapp.s3.ap-south-1.amazonaws.com/prod/prod_constants.json"},"category":"xhr","level":"info"},{"timestamp":"2025-11-03T03:21:02.900Z","type":"http","data":{"status_code":200.0,"method":"POST","url":"https://api2.ottplay.com/api/v3/mobile/user/v2/first-seen?randomId=3795"},"category":"xhr","level":"info"},{"timestamp":"2025-11-03T03:21:02.996Z","type":"http","data":{"status_code":200.0,"method":"POST","url":"https://api2.ottplay.com/api/v3.1/mobile/get-setting"},"category":"xhr","level":"info"},{"timestamp":"2025-11-03T03:21:03.004Z","type":"http","data":{"status_code":200.0,"method":"POST","url":"https://api2.ottplay.com/api/v3/mobile/get-setting"},"category":"xhr","level":"info"},{"timestamp":"2025-11-03T03:21:03.009Z","type":"http","data":{"status_code":200.0,"method":"POST","url":"https://api2.ottplay.com/api/v2.1/web/analytics/events/create"},"category":"xhr","level":"info"},{"timestamp":"2025-11-03T03:21:03.061Z","type":"http","data":{"status_code":200.0,"method":"GET","url":"https://api2.ottplay.com/api/payment-service/v2.1/web/subscriptionplans?randomId=9595"},"category":"xhr","level":"info"},{"timestamp":"2025-11-03T03:21:03.174Z","message":"Navigation to MainStack","type":"navigation","data":{"from":"SplashScreen","to":"MainStack"},"category":"navigation","level":"info"},{"timestamp":"2025-11-03T03:21:03.311Z","message":"Net Info -  [object Object]","data":{"logger":"console","arguments":["Net Info - ",{"isConnected":null,"isInternetReachable":null,"details":null,"type":"unknown"}]},"category":"console","level":"debug"},{"timestamp":"2025-11-03T03:21:03.351Z","message":"Net Info -  [object Object]","data":{"logger":"console","arguments":["Net Info - ",{"isConnected":true,"isInternetReachable":true,"isWifiEnabled":false,"details":{"isConnectionExpensive":true,"carrier":"JIO4G","cellularGeneration":"4g"},"type":"cellular"}]},"category":"console","level":"debug"},{"timestamp":"2025-11-03T03:21:03.352Z","message":"[Diagnostic] Process started. Moving to checking_initial.","data":{"logger":"console","arguments":["[Diagnostic] Process started. Moving to checking_initial."]},"category":"console","level":"debug"},{"timestamp":"2025-11-03T03:21:03.364Z","message":"[Diagnostic] Step 1: Executing initial connection check.","data":{"logger":"console","arguments":["[Diagnostic] Step 1: Executing initial connection check."]},"category":"console","level":"debug"},{"timestamp":"2025-11-03T03:21:03.414Z","type":"http","data":{"status_code":200.0,"method":"GET","url":"https://api2.ottplay.com/api/v4.7/mobile/liveTV/top-live-tv-channels?"},"category":"xhr","level":"info"},{"timestamp":"2025-11-03T03:21:03.415Z","type":"http","data":{"status_code":200.0,"method":"GET","url":"https://api2.ottplay.com/api/v2.1/mobile/footer"},"category":"xhr","level":"info"},{"timestamp":"2025-11-03T03:21:03.434Z","type":"http","data":{"status_code":200.0,"method":"GET","url":"https://api2.ottplay.com/api/v3.1/mobile/language?limit=20&module_name=Languages&platform=android"},"category":"xhr","level":"info"},{"timestamp":"2025-11-03T03:21:03.437Z","type":"http","data":{"status_code":200.0,"method":"GET","url":"https://api2.ottplay.com/api/v4.5/mobile/genre?limit=35&platform=android"},"category":"xhr","level":"info"},{"timestamp":"2025-11-03T03:21:03.445Z","type":"http","data":{"status_code":200.0,"method":"GET","url":"https://api2.ottplay.com/api/payment-service/v4.1/mobile/plansubscribe/getusersubscription?randomId=44391"},"category":"xhr","level":"info"},{"timestamp":"2025-11-03T03:21:03.529Z","type":"http","data":{"status_code":200.0,"method":"GET","url":"https://ottwatch-webapp.s3.ap-south-1.amazonaws.com/prod/prod_constants.json"},"category":"xhr","level":"info"},{"timestamp":"2025-11-03T03:21:03.550Z","type":"http","data":{"status_code":200.0,"method":"GET","url":"https://ottwatch-webapp.s3.ap-south-1.amazonaws.com/prod/prod_constants.json"},"category":"xhr","level":"info"},{"timestamp":"2025-11-03T03:21:03.570Z","type":"http","data":{"status_code":200.0,"method":"GET","url":"https://ottwatch-webapp.s3.ap-south-1.amazonaws.com/prod/prod_constants.json"},"category":"xhr","level":"info"},{"timestamp":"2025-11-03T03:21:03.723Z","type":"http","data":{"status_code":200.0,"method":"GET","url":"https://api2.ottplay.com/api/v3/mobile/user/parental-details?randomId=4462"},"category":"xhr","level":"info"},{"timestamp":"2025-11-03T03:21:03.727Z","type":"http","data":{"status_code":200.0,"method":"GET","url":"https://api2.ottplay.com/api/user-service/v1/user/whatsapp-consent/status?randomId=7332"},"category":"xhr","level":"info"},{"timestamp":"2025-11-03T03:21:03.796Z","type":"http","data":{"status_code":200.0,"method":"POST","url":"https://api2.ottplay.com/api/partner-service/v4.2/sync-offline-media"},"category":"xhr","level":"info"},{"timestamp":"2025-11-03T03:21:04.210Z","type":"http","data":{"status_code":200.0,"method":"GET","url":"https://api2.ottplay.com/api/user-service/v1/user/engagement-journey/user-engagement-status"},"category":"xhr","level":"info"},{"timestamp":"2025-11-03T03:21:04.429Z","type":"http","data":{"status_code":200.0,"method":"GET","url":"https://api2.ottplay.com/api/payment-service/v4.1/web/subscriptionplans/multi-add-on-details?randomId=1762140063310"},"category":"xhr","level":"info"},{"timestamp":"2025-11-03T03:21:04.443Z","type":"http","data":{"status_code":200.0,"method":"GET","url":"https://api2.ottplay.com/api/user-service/v1/user/app-rating/reviewlist?randomId=5311"},"category":"xhr","level":"info"},{"timestamp":"2025-11-03T03:21:04.495Z","type":"http","data":{"status_code":200.0,"method":"GET","url":"https://api2.ottplay.com/api/user-service/v1/user/app-rating/show-feedback-popup?randomId=2785"},"category":"xhr","level":"info"},{"timestamp":"2025-11-03T03:21:04.837Z","type":"http","data":{"status_code":200.0,"method":"GET","url":"https://api2.ottplay.com/api/v4.5/mobile/widget/list/?platform=android&menu=Subscription&randomId=8368"},"category":"xhr","level":"info"},{"timestamp":"2025-11-03T03:21:05.281Z","type":"http","data":{"status_code":200.0,"method":"GET","url":"https://api2.ottplay.com/api/payment-service/v4.1/web/subscriptionplans/multi-add-on-details?randomId=1762140063444"},"category":"xhr","level":"info"},{"timestamp":"2025-11-03T03:21:05.357Z","type":"http","data":{"status_code":201.0,"method":"POST","url":"https://api2.ottplay.com/api/v3/mobile/analytics/"},"category":"xhr","level":"info"},{"timestamp":"2025-11-03T03:21:05.759Z","type":"http","data":{"status_code":200.0,"method":"GET","url":"https://api2.ottplay.com/api/v4.5/mobile/ranking/?platform=android&module_name=Subscription&template_name=inline_renewal_banner&pin_it=false&section=widget&limit=25&randomId=8389"},"category":"xhr","level":"info"},{"timestamp":"2025-11-03T03:21:05.849Z","type":"http","data":{"status_code":200.0,"method":"GET","url":"https://api2.ottplay.com/api/v4.7/mobile/ranking/?module_name=Subscription&platform=android&limit=50&section=widget_mix_search_5&pin_it=true&title=Mix Search&template_name=subscription_banner&page=1&lang_pref=false&language=false&language_id=null&genre=false&genre_id=undefined&provider=false&provider_id=null&randomId=217"},"category":"xhr","level":"info"},{"timestamp":"2025-11-03T03:21:06.017Z","type":"http","data":{"status_code":200.0,"method":"GET","url":"https://api2.ottplay.com/api/v4.7/mobile/ranking/?module_name=Subscription&platform=android&limit=5&section=widget_trending_sports_&pin_it=true&title=Live Matches&template_name=sports_highlights&page=1&lang_pref=false&language=false&language_id=null&genre=false&genre_id=undefined&provider=false&provider_id=null&randomId=878"},"category":"xhr","level":"info"},{"timestamp":"2025-11-03T03:21:06.103Z","type":"http","data":{"status_code":200.0,"method":"GET","url":"https://api2.ottplay.com/api/v4.7/mobile/ranking/?module_name=Subscription&platform=android&limit=5&section=widget_restore_subscription&pin_it=false&title=Restore subscription&template_name=restore_subscription&page=1&lang_pref=false&language=false&language_id=null&genre=false&genre_id=undefined&provider=false&provider_id=null&randomId=2809"},"category":"xhr","level":"info"},{"timestamp":"2025-11-03T03:21:06.313Z","type":"http","data":{"status_code":200.0,"method":"GET","url":"https://api2.ottplay.com/api/v4.7/mobile/ranking/?module_name=Subscription&platform=android&limit=5&section=widget_continue_watching&pin_it=false&title=Continue Watching&template_name=continue_watching&page=1&lang_pref=false&language=false&language_id=null&genre=false&genre_id=undefined&provider=false&provider_id=null&randomId=9183"},"category":"xhr","level":"info"},{"timestamp":"2025-11-03T03:21:06.503Z","type":"http","data":{"status_code":200.0,"method":"GET","url":"https://api2.ottplay.com/api/user-service/v1/user/profile/preferred-data?randomId=3377"},"category":"xhr","level":"info"},{"timestamp":"2025-11-03T03:21:06.854Z","type":"http","data":{"status_code":201.0,"method":"POST","url":"https://api2.ottplay.com/api/v3/mobile/analytics/"},"category":"xhr","level":"info"},{"timestamp":"2025-11-03T03:21:07.158Z","type":"http","data":{"status_code":201.0,"method":"POST","url":"https://api2.ottplay.com/api/v3/mobile/analytics/"},"category":"xhr","level":"info"},{"timestamp":"2025-11-03T03:21:07.320Z","type":"http","data":{"status_code":200.0,"method":"GET","url":"https://api2.ottplay.com/api/user-service/v1/user/watchlist/list?platform=android&limit=10&randomID=4147&error_version=2&result_type=ottplay_id"},"category":"xhr","level":"info"},{"timestamp":"2025-11-03T03:21:07.500Z","message":"[Diagnostic] Step 3: Starting speed check window. Setting status to checking_speed.","data":{"logger":"console","arguments":["[Diagnostic] Step 3: Starting speed check window. Setting status to checking_speed."]},"category":"console","level":"debug"},{"timestamp":"2025-11-03T03:21:07.521Z","message":"[Diagnostic] Now in checking_speed state. Setting up interval.","data":{"logger":"console","arguments":["[Diagnostic] Now in checking_speed state. Setting up interval."]},"category":"console","level":"debug"},{"timestamp":"2025-11-03T03:21:07.562Z","type":"http","data":{"status_code":201.0,"method":"POST","url":"https://api2.ottplay.com/api/v3/mobile/analytics/"},"category":"xhr","level":"info"},{"timestamp":"2025-11-03T03:21:08.608Z","message":"Navigation to Settings","type":"navigation","data":{"from":"MainStack","to":"Settings"},"category":"navigation","level":"info"},{"timestamp":"2025-11-03T03:21:09.028Z","type":"http","data":{"status_code":200.0,"method":"GET","url":"https://ottwatch-webapp.s3.ap-south-1.amazonaws.com/prod/prod_constants.json"},"category":"xhr","level":"info"},{"timestamp":"2025-11-03T03:21:09.259Z","type":"http","data":{"status_code":422.0,"method":"GET","url":"https://api2.ottplay.com/api/payment-service/v2.1/web/upgradeplan?plan_code=ott_all&subscription_id=942353139643750691"},"category":"xhr","level":"info"},{"timestamp":"2025-11-03T03:21:09.438Z","type":"http","data":{"status_code":200.0,"method":"GET","url":"https://api2.ottplay.com/api/user-service/v1/user/app-rating/show-feedback-popup?randomId=8475"},"category":"xhr","level":"info"},{"timestamp":"2025-11-03T03:21:09.621Z","type":"http","data":{"status_code":200.0,"method":"GET","url":"https://api2.ottplay.com/api/user-service/v1/user/app-rating/reviewlist?randomId=9291"},"category":"xhr","level":"info"},{"timestamp":"2025-11-03T03:21:09.736Z","type":"http","data":{"status_code":201.0,"method":"POST","url":"https://api2.ottplay.com/api/v3/mobile/analytics/"},"category":"xhr","level":"info"},{"timestamp":"2025-11-03T03:21:09.906Z","type":"http","data":{"status_code":201.0,"method":"POST","url":"https://api2.ottplay.com/api/v3/mobile/analytics/"},"category":"xhr","level":"info"},{"timestamp":"2025-11-03T03:21:09.923Z","type":"http","data":{"status_code":200.0,"method":"GET","url":"https://api2.ottplay.com/api/user-service/v1/user/profile/list-profiles?randomId=152"},"category":"xhr","level":"info"},{"timestamp":"2025-11-03T03:21:10.075Z","message":"[Diagnostic] - Firing speed check #1 of 1...","data":{"logger":"console","arguments":["[Diagnostic] - Firing speed check #1 of 1..."]},"category":"console","level":"debug"},{"timestamp":"2025-11-03T03:21:10.640Z","message":"[Diagnostic] - Promise for check #1 resolved. Total checks: 1","data":{"logger":"console","arguments":["[Diagnostic] - Promise for check #1 resolved. Total checks: 1"]},"category":"console","level":"debug"},{"timestamp":"2025-11-03T03:21:10.650Z","message":"[Diagnostic] - Total check limit met. Stopping interval and setting status to speed_fast.","data":{"logger":"console","arguments":["[Diagnostic] - Total check limit met. Stopping interval and setting status to speed_fast."]},"category":"console","level":"debug"},{"timestamp":"2025-11-03T03:21:10.681Z","message":"[Diagnostic] Step 4: Executing final confirmation check.","data":{"logger":"console","arguments":["[Diagnostic] Step 4: Executing final confirmation check."]},"category":"console","level":"debug"},{"timestamp":"2025-11-03T03:21:11.094Z","message":"710e9e4c8b8f42eb9da26fadc7cddf17","data":{},"category":"sentry.transaction","level":"info"},{"timestamp":"2025-11-03T03:21:11.221Z","message":"[Diagnostic] Process finished with terminal status: success. Calling onComplete.","data":{"logger":"console","arguments":["[Diagnostic] Process finished with terminal status: success. Calling onComplete."]},"category":"console","level":"debug"},{"timestamp":"2025-11-03T03:21:13.718Z","message":"Navigation to Premium","type":"navigation","data":{"from":"Settings","to":"Premium"},"category":"navigation","level":"info"},{"timestamp":"2025-11-03T03:21:13.913Z","type":"http","data":{"status_code":200.0,"method":"GET","url":"https://ottwatch-webapp.s3.ap-south-1.amazonaws.com/prod/prod_constants.json"},"category":"xhr","level":"info"},{"timestamp":"2025-11-03T03:21:14.603Z","type":"http","data":{"status_code":200.0,"method":"GET","url":"https://api2.ottplay.com/api/user-service/v1/user/app-rating/show-feedback-popup?randomId=9607"},"category":"xhr","level":"info"},{"timestamp":"2025-11-03T03:21:14.628Z","type":"http","data":{"status_code":200.0,"method":"GET","url":"https://api2.ottplay.com/api/user-service/v1/user/app-rating/reviewlist?randomId=9222"},"category":"xhr","level":"info"},{"timestamp":"2025-11-03T03:21:14.641Z","type":"http","data":{"status_code":200.0,"method":"GET","url":"https://api2.ottplay.com/api/v4.7/mobile/ranking/?module_name=Subscription&platform=android&limit=5&section=widget_restore_subscription&pin_it=false&title=Restore subscription&template_name=restore_subscription&page=1&lang_pref=false&language=false&language_id=null&genre=false&genre_id=undefined&provider=false&provider_id=null&randomId=1901"},"category":"xhr","level":"info"},{"timestamp":"2025-11-03T03:21:14.723Z","type":"http","data":{"status_code":201.0,"method":"POST","url":"https://api2.ottplay.com/api/v3/mobile/analytics/"},"category":"xhr","level":"info"},{"timestamp":"2025-11-03T03:21:15.108Z","type":"navigation","data":{"state":"background"},"category":"app.lifecycle","level":"info"},{"timestamp":"2025-11-03T03:21:17.301Z","message":"Low memory","type":"system","data":{"level":80,"action":"LOW_MEMORY"},"category":"device.event","level":"warning"},{"timestamp":"2025-11-03T03:21:20.079Z","message":"Low memory","type":"system","data":{"level":80,"action":"LOW_MEMORY"},"category":"device.event","level":"warning"},{"timestamp":"2025-11-03T03:21:28.126Z","message":"Low memory","type":"system","data":{"level":80,"action":"LOW_MEMORY"},"category":"device.event","level":"warning"},{"timestamp":"2025-11-03T03:21:29.949Z","message":"Low memory","type":"system","data":{"level":80,"action":"LOW_MEMORY"},"category":"device.event","level":"warning"},{"timestamp":"2025-11-03T03:21:31.909Z","message":"Low memory","type":"system","data":{"level":80,"action":"LOW_MEMORY"},"category":"device.event","level":"warning"},{"timestamp":"2025-11-03T03:21:33.037Z","message":"Low memory","type":"system","data":{"level":80,"action":"LOW_MEMORY"},"category":"device.event","level":"warning"},{"timestamp":"2025-11-03T03:21:45.120Z","type":"session","data":{"state":"end"},"category":"app.lifecycle","level":"info"},{"timestamp":"2025-11-03T03:21:53.176Z","message":"Low memory","type":"system","data":{"level":80,"action":"LOW_MEMORY"},"category":"device.event","level":"warning"},{"timestamp":"2025-11-03T03:22:00.611Z","type":"system","data":{"level":80.0,"charging":false,"action":"BATTERY_CHANGED"},"category":"device.event","level":"info"}]