{"emandatePaymentMethods":[{"supported_gateways":[{"gateway":"RAZORPAY","gateway_id":23,"supported_reference_ids":["DEFAULT_NULL"]},{"gateway":"BILLDESK","gateway_id":27,"supported_reference_ids":["DEFAULT_NULL"]},{"gateway":"PAYTM_V2","gateway_id":19,"supported_reference_ids":["DEFAULT_NULL"]},{"gateway":"PAYU","gateway_id":12,"supported_reference_ids":["DEFAULT_NULL"]}],"metadata":{"supported_psp_handles":["@ybl","@upi","@ibl","@axl","@boi","@cnrb","@okhdfcbank","@axisbank","@ikwik","@apl","@indus","@dbs","@icici","@okicici","@dlb","@sliceaxis","@pz","@jio","@sbi","@yesg","@yapl","@pnb","@oksbi","@jupiteraxis","@abfspay","@waicici","@centralbank","@tapicici","@goaxb","@ypay","@gocash","@axisb","@abcdicici","@sbipa","@Payu","@okaxis","@axb","@mahb","@shriramhdfcbank","@niyoicici","@equitas","@naviaxis","@indie","@pingpay","@yespay","@freecharge","@sib","@rapl","@ptyes","@ptaxis","@ptsbi","@pthdfc","@yespop","@fkaxis","@oneyes","@seyes","@superyes","@ttyes","@yescurie","@yesfam","@yestp","@gwaxis","@rmrbl","@mvhdfc","@finobank","@yestp","@gwaxis","@axb","@bpunity","@kphdfc","@freoicici","@kotak811","@yescred","@airtel","@fifederal","@inhdfc","@slc","@yes","@jarunity"]},"description":"UPI Collect","supported_by_default":true,"supported_reference_ids":["DEFAULT_NULL"],"juspay_bank_code":"COLLECT","payment_method":"COLLECT","payment_method_type":"UPI"},{"supported_gateways":[{"gateway":"RAZORPAY","gateway_id":23,"supported_reference_ids":["DEFAULT_NULL"]},{"gateway":"PAYTM_V2","gateway_id":19,"supported_reference_ids":["DEFAULT_NULL"]},{"gateway":"PAYU","gateway_id":12,"supported_reference_ids":["DEFAULT_NULL"]}],"metadata":{"supported_package_names":["com.phonepe.app","com.infra.boiupi","com.phonepe.PhonePeApp","com.infra.boiupi","com.canarabank.mobility","com.bankofbaroda.upi","com.upi.axispay","com.fss.ippbpsp","com.mobikwik_new","in.amazon.mShop.android.shopping"]},"description":"UPI Intent Pay","supported_by_default":true,"supported_reference_ids":["DEFAULT_NULL"],"juspay_bank_code":"PAY","payment_method":"PAY","payment_method_type":"UPI"}],"tpvPreAuthPaymentMethods":[],"merchantConfigs":{"enabled_payment_flows":["OFFER","OUTAGE"],"must_use_given_order_id_for_txn":false},"tpvPaymentMethods":[],"tpvEmandatePaymentMethods":[],"paymentMethods":[{"nick_name":"AMEX","validations":{"refund_support":true},"supported_gateways":[{"gateway":"RAZORPAY","gateway_id":23,"supported_reference_ids":["DEFAULT_NULL"]},{"gateway":"BILLDESK","gateway_id":27,"supported_reference_ids":["DEFAULT_NULL"]},{"gateway":"PAYTM_V2","gateway_id":19,"supported_reference_ids":["DEFAULT_NULL"]},{"gateway":"PAYU","gateway_id":12,"supported_reference_ids":["DEFAULT_NULL"]}],"description":"American Express","supported_by_default":true,"supported_reference_ids":["DEFAULT_NULL"],"payment_method":"AMEX","payment_method_type":"CARD"},{"nick_name":"ICICI Paylater","payment_method_sub_type":"CF_BNPL","supported_gateways":[{"gateway":"RAZORPAY","gateway_id":23,"supported_reference_ids":["DEFAULT_NULL"]}],"wallet_direct_debit_support":false,"description":"ICICI Paylater","supported_by_default":true,"supported_reference_ids":["DEFAULT_NULL"],"juspay_bank_code":"JP_ICICI","supported_features":[{"feature_name":"eligibility","supported_by_default":false,"supported_reference_ids":["DEFAULT_NULL"]}],"payment_method":"ICICIPAYLATER","payment_method_type":"CONSUMER_FINANCE"},{"nick_name":"Maestro","supported_gateways":[{"gateway":"RAZORPAY","gateway_id":23,"supported_reference_ids":["DEFAULT_NULL"]},{"gateway":"PAYTM_V2","gateway_id":19,"supported_reference_ids":["DEFAULT_NULL"]},{"gateway":"PAYU","gateway_id":12,"supported_reference_ids":["DEFAULT_NULL"]}],"description":"Maestro","supported_by_default":true,"supported_reference_ids":["DEFAULT_NULL"],"payment_method":"MAESTRO","payment_method_type":"CARD"},{"nick_name":"Mastercard","validations":{"refund_support":true},"supported_gateways":[{"gateway":"RAZORPAY","gateway_id":23,"supported_reference_ids":["DEFAULT_NULL"]},{"gateway":"BILLDESK","gateway_id":27,"supported_reference_ids":["DEFAULT_NULL"]},{"gateway":"PAYTM_V2","gateway_id":19,"supported_reference_ids":["DEFAULT_NULL"]},{"gateway":"PAYU","gateway_id":12,"supported_reference_ids":["DEFAULT_NULL"]}],"description":"Mastercard","supported_by_default":true,"supported_reference_ids":["DEFAULT_NULL"],"payment_method":"MASTER","payment_method_type":"CARD"},{"nick_name":"Airtel","supported_gateways":[{"gateway":"RAZORPAY","gateway_id":23,"supported_reference_ids":["DEFAULT_NULL"]}],"description":"Airtel Payments Bank","supported_by_default":true,"supported_reference_ids":["DEFAULT_NULL"],"juspay_bank_code":"JP_AIRTEL","payment_method":"NB_AIRTEL","payment_method_type":"NB"},{"nick_name":"ALB","supported_gateways":[{"gateway":"RAZORPAY","gateway_id":23,"supported_reference_ids":["DEFAULT_NULL"]}],"description":"Allahabad Bank","supported_by_default":true,"supported_reference_ids":["DEFAULT_NULL"],"juspay_bank_code":"JP_ALLB","payment_method":"NB_ALLB","payment_method_type":"NB"},{"nick_name":"Andhra Bank","supported_gateways":[{"gateway":"RAZORPAY","gateway_id":23,"supported_reference_ids":["DEFAULT_NULL"]}],"description":"Andhra Bank","supported_by_default":true,"supported_reference_ids":["DEFAULT_NULL"],"juspay_bank_code":"JP_ANDHRA","payment_method":"NB_ANDHRA","payment_method_type":"NB"},{"nick_name":"UBI","supported_gateways":[{"gateway":"RAZORPAY","gateway_id":23,"supported_reference_ids":["DEFAULT_NULL"]},{"gateway":"BILLDESK","gateway_id":27,"supported_reference_ids":["DEFAULT_NULL"]}],"description":"Union Bank of India Corporate","supported_by_default":true,"supported_reference_ids":["DEFAULT_NULL"],"juspay_bank_code":"JP_ANDHRACORP","payment_method":"NB_ANDHRACORP","payment_method_type":"NB"},{"nick_name":"AU Bank","supported_gateways":[{"gateway":"RAZORPAY","gateway_id":23,"supported_reference_ids":["DEFAULT_NULL"]},{"gateway":"BILLDESK","gateway_id":27,"supported_reference_ids":["DEFAULT_NULL"]}],"description":"AU Small Finance Bank","supported_by_default":true,"supported_reference_ids":["DEFAULT_NULL"],"juspay_bank_code":"JP_AUB","payment_method":"NB_AUB","payment_method_type":"NB"},{"nick_name":"Axis","supported_gateways":[{"gateway":"RAZORPAY","gateway_id":23,"supported_reference_ids":["DEFAULT_NULL"]},{"gateway":"BILLDESK","gateway_id":27,"supported_reference_ids":["DEFAULT_NULL"]}],"description":"Axis Bank","supported_by_default":true,"supported_reference_ids":["DEFAULT_NULL"],"juspay_bank_code":"JP_AXIS","payment_method":"NB_AXIS","payment_method_type":"NB"},{"nick_name":"Bassein Catholic","supported_gateways":[{"gateway":"RAZORPAY","gateway_id":23,"supported_reference_ids":["DEFAULT_NULL"]},{"gateway":"BILLDESK","gateway_id":27,"supported_reference_ids":["DEFAULT_NULL"]}],"description":"Bassein Catholic Bank","supported_by_default":true,"supported_reference_ids":["DEFAULT_NULL"],"juspay_bank_code":"JP_BASSEIN","payment_method":"NB_BASSEIN","payment_method_type":"NB"},{"nick_name":"BOB","supported_gateways":[{"gateway":"RAZORPAY","gateway_id":23,"supported_reference_ids":["DEFAULT_NULL"]},{"gateway":"BILLDESK","gateway_id":27,"supported_reference_ids":["DEFAULT_NULL"]}],"description":"Bank of Baroda","supported_by_default":true,"supported_reference_ids":["DEFAULT_NULL"],"juspay_bank_code":"JP_BOB","payment_method":"NB_BOB","payment_method_type":"NB"},{"nick_name":"BOI","supported_gateways":[{"gateway":"RAZORPAY","gateway_id":23,"supported_reference_ids":["DEFAULT_NULL"]},{"gateway":"BILLDESK","gateway_id":27,"supported_reference_ids":["DEFAULT_NULL"]}],"description":"Bank of India","supported_by_default":true,"supported_reference_ids":["DEFAULT_NULL"],"juspay_bank_code":"JP_BOI","payment_method":"NB_BOI","payment_method_type":"NB"},{"nick_name":"BOM","supported_gateways":[{"gateway":"RAZORPAY","gateway_id":23,"supported_reference_ids":["DEFAULT_NULL"]},{"gateway":"BILLDESK","gateway_id":27,"supported_reference_ids":["DEFAULT_NULL"]}],"description":"Bank of Maharashtra","supported_by_default":true,"supported_reference_ids":["DEFAULT_NULL"],"juspay_bank_code":"JP_BOM","payment_method":"NB_BOM","payment_method_type":"NB"},{"nick_name":"Canara Bank","supported_gateways":[{"gateway":"RAZORPAY","gateway_id":23,"supported_reference_ids":["DEFAULT_NULL"]},{"gateway":"BILLDESK","gateway_id":27,"supported_reference_ids":["DEFAULT_NULL"]}],"description":"Canara Bank","supported_by_default":true,"supported_reference_ids":["DEFAULT_NULL"],"juspay_bank_code":"JP_CANR","payment_method":"NB_CANR","payment_method_type":"NB"},{"nick_name":"CBI","supported_gateways":[{"gateway":"RAZORPAY","gateway_id":23,"supported_reference_ids":["DEFAULT_NULL"]},{"gateway":"BILLDESK","gateway_id":27,"supported_reference_ids":["DEFAULT_NULL"]}],"description":"Central Bank Of India","supported_by_default":true,"supported_reference_ids":["DEFAULT_NULL"],"juspay_bank_code":"JP_CBI","payment_method":"NB_CBI","payment_method_type":"NB"},{"nick_name":"Corporation","supported_gateways":[{"gateway":"RAZORPAY","gateway_id":23,"supported_reference_ids":["DEFAULT_NULL"]}],"description":"Corporation Bank","supported_by_default":true,"supported_reference_ids":["DEFAULT_NULL"],"juspay_bank_code":"JP_CORP","payment_method":"NB_CORP","payment_method_type":"NB"},{"nick_name":"Cosmos Bank","supported_gateways":[{"gateway":"RAZORPAY","gateway_id":23,"supported_reference_ids":["DEFAULT_NULL"]},{"gateway":"BILLDESK","gateway_id":27,"supported_reference_ids":["DEFAULT_NULL"]}],"description":"Cosmos Bank","supported_by_default":true,"supported_reference_ids":["DEFAULT_NULL"],"juspay_bank_code":"JP_COSMOS","payment_method":"NB_COSMOS","payment_method_type":"NB"},{"nick_name":"Catholic Syrian","supported_gateways":[{"gateway":"RAZORPAY","gateway_id":23,"supported_reference_ids":["DEFAULT_NULL"]},{"gateway":"BILLDESK","gateway_id":27,"supported_reference_ids":["DEFAULT_NULL"]}],"description":"Catholic Syrian Bank","supported_by_default":true,"supported_reference_ids":["DEFAULT_NULL"],"juspay_bank_code":"JP_CSB","payment_method":"NB_CSB","payment_method_type":"NB"},{"nick_name":"CityUnion","supported_gateways":[{"gateway":"RAZORPAY","gateway_id":23,"supported_reference_ids":["DEFAULT_NULL"]},{"gateway":"BILLDESK","gateway_id":27,"supported_reference_ids":["DEFAULT_NULL"]}],"description":"CityUnion","supported_by_default":true,"supported_reference_ids":["DEFAULT_NULL"],"juspay_bank_code":"JP_CUB","payment_method":"NB_CUB","payment_method_type":"NB"},{"nick_name":"DBS","supported_gateways":[{"gateway":"RAZORPAY","gateway_id":23,"supported_reference_ids":["DEFAULT_NULL"]}],"description":"DBS Bank Ltd","supported_by_default":true,"supported_reference_ids":["DEFAULT_NULL"],"juspay_bank_code":"JP_DBS","payment_method":"NB_DBS","payment_method_type":"NB"},{"nick_name":"DCB","supported_gateways":[{"gateway":"RAZORPAY","gateway_id":23,"supported_reference_ids":["DEFAULT_NULL"]},{"gateway":"BILLDESK","gateway_id":27,"supported_reference_ids":["DEFAULT_NULL"]}],"description":"DCB Bank","supported_by_default":true,"supported_reference_ids":["DEFAULT_NULL"],"juspay_bank_code":"JP_DCB","payment_method":"NB_DCB","payment_method_type":"NB"},{"nick_name":"Dena","supported_gateways":[{"gateway":"RAZORPAY","gateway_id":23,"supported_reference_ids":["DEFAULT_NULL"]}],"description":"Dena Bank","supported_by_default":true,"supported_reference_ids":["DEFAULT_NULL"],"juspay_bank_code":"JP_DENA","payment_method":"NB_DENA","payment_method_type":"NB"},{"nick_name":"Deutsche","supported_gateways":[{"gateway":"RAZORPAY","gateway_id":23,"supported_reference_ids":["DEFAULT_NULL"]},{"gateway":"BILLDESK","gateway_id":27,"supported_reference_ids":["DEFAULT_NULL"]}],"description":"Deutsche Bank","supported_by_default":true,"supported_reference_ids":["DEFAULT_NULL"],"juspay_bank_code":"JP_DEUT","payment_method":"NB_DEUT","payment_method_type":"NB"},{"nick_name":"Dhanlaxmi Bank","supported_gateways":[{"gateway":"RAZORPAY","gateway_id":23,"supported_reference_ids":["DEFAULT_NULL"]}],"description":"Dhanlaxmi Bank Corporate","supported_by_default":true,"supported_reference_ids":["DEFAULT_NULL"],"juspay_bank_code":"JP_DLBCORP","payment_method":"NB_DLBCORP","payment_method_type":"NB"},{"nick_name":"Dhanalaxmi Bank","supported_gateways":[{"gateway":"RAZORPAY","gateway_id":23,"supported_reference_ids":["DEFAULT_NULL"]},{"gateway":"BILLDESK","gateway_id":27,"supported_reference_ids":["DEFAULT_NULL"]}],"description":"Dhanalaxmi Bank","supported_by_default":true,"supported_reference_ids":["DEFAULT_NULL"],"juspay_bank_code":"JP_DLS","payment_method":"NB_DLS","payment_method_type":"NB"},{"nick_name":"Equitas bank","supported_gateways":[{"gateway":"RAZORPAY","gateway_id":23,"supported_reference_ids":["DEFAULT_NULL"]},{"gateway":"BILLDESK","gateway_id":27,"supported_reference_ids":["DEFAULT_NULL"]}],"description":"Equitas small finance bank","supported_by_default":true,"supported_reference_ids":["DEFAULT_NULL"],"juspay_bank_code":"JP_EQUITAS","payment_method":"NB_EQUITAS","payment_method_type":"NB"},{"nick_name":"ESAF","supported_gateways":[{"gateway":"RAZORPAY","gateway_id":23,"supported_reference_ids":["DEFAULT_NULL"]},{"gateway":"BILLDESK","gateway_id":27,"supported_reference_ids":["DEFAULT_NULL"]}],"description":"ESAF Small Finance Bank","supported_by_default":true,"supported_reference_ids":["DEFAULT_NULL"],"juspay_bank_code":"JP_ESAF","payment_method":"NB_ESAF","payment_method_type":"NB"},{"nick_name":"Federal Bank","supported_gateways":[{"gateway":"RAZORPAY","gateway_id":23,"supported_reference_ids":["DEFAULT_NULL"]},{"gateway":"BILLDESK","gateway_id":27,"supported_reference_ids":["DEFAULT_NULL"]}],"description":"Federal Bank","supported_by_default":true,"supported_reference_ids":["DEFAULT_NULL"],"juspay_bank_code":"JP_FED","payment_method":"NB_FED","payment_method_type":"NB"},{"nick_name":"HDFC","supported_gateways":[{"gateway":"RAZORPAY","gateway_id":23,"supported_reference_ids":["DEFAULT_NULL"]},{"gateway":"BILLDESK","gateway_id":27,"supported_reference_ids":["DEFAULT_NULL"]}],"description":"HDFC Bank","supported_by_default":true,"supported_reference_ids":["DEFAULT_NULL"],"juspay_bank_code":"JP_HDFC","payment_method":"NB_HDFC","payment_method_type":"NB"},{"nick_name":"HSBC","supported_gateways":[{"gateway":"RAZORPAY","gateway_id":23,"supported_reference_ids":["DEFAULT_NULL"]},{"gateway":"BILLDESK","gateway_id":27,"supported_reference_ids":["DEFAULT_NULL"]}],"description":"HSBC BANK","supported_by_default":true,"supported_reference_ids":["DEFAULT_NULL"],"juspay_bank_code":"JP_HSBC","payment_method":"NB_HSBC","payment_method_type":"NB"},{"nick_name":"ICICI","supported_gateways":[{"gateway":"RAZORPAY","gateway_id":23,"supported_reference_ids":["DEFAULT_NULL"]},{"gateway":"BILLDESK","gateway_id":27,"supported_reference_ids":["DEFAULT_NULL"]}],"description":"ICICI Netbanking","supported_by_default":true,"supported_reference_ids":["DEFAULT_NULL"],"juspay_bank_code":"JP_ICICI","payment_method":"NB_ICICI","payment_method_type":"NB"},{"nick_name":"IDBI","supported_gateways":[{"gateway":"RAZORPAY","gateway_id":23,"supported_reference_ids":["DEFAULT_NULL"]},{"gateway":"BILLDESK","gateway_id":27,"supported_reference_ids":["DEFAULT_NULL"]}],"description":"Industrial Development Bank of India","supported_by_default":true,"supported_reference_ids":["DEFAULT_NULL"],"juspay_bank_code":"JP_IDBI","payment_method":"NB_IDBI","payment_method_type":"NB"},{"nick_name":"IDBI","supported_gateways":[{"gateway":"RAZORPAY","gateway_id":23,"supported_reference_ids":["DEFAULT_NULL"]}],"description":"IDBI Bank Corporate","supported_by_default":true,"supported_reference_ids":["DEFAULT_NULL"],"juspay_bank_code":"JP_IDBICORP","payment_method":"NB_IDBICORP","payment_method_type":"NB"},{"nick_name":"IDFC","supported_gateways":[{"gateway":"RAZORPAY","gateway_id":23,"supported_reference_ids":["DEFAULT_NULL"]},{"gateway":"BILLDESK","gateway_id":27,"supported_reference_ids":["DEFAULT_NULL"]}],"description":"IDFC Bank","supported_by_default":true,"supported_reference_ids":["DEFAULT_NULL"],"juspay_bank_code":"JP_IDFC","payment_method":"NB_IDFC","payment_method_type":"NB"},{"nick_name":"Indian Bank","supported_gateways":[{"gateway":"RAZORPAY","gateway_id":23,"supported_reference_ids":["DEFAULT_NULL"]},{"gateway":"BILLDESK","gateway_id":27,"supported_reference_ids":["DEFAULT_NULL"]}],"description":"Indian Bank","supported_by_default":true,"supported_reference_ids":["DEFAULT_NULL"],"juspay_bank_code":"JP_INDB","payment_method":"NB_INDB","payment_method_type":"NB"},{"nick_name":"IndusInd","supported_gateways":[{"gateway":"RAZORPAY","gateway_id":23,"supported_reference_ids":["DEFAULT_NULL"]},{"gateway":"BILLDESK","gateway_id":27,"supported_reference_ids":["DEFAULT_NULL"]}],"description":"IndusInd Bank","supported_by_default":true,"supported_reference_ids":["DEFAULT_NULL"],"juspay_bank_code":"JP_INDUS","payment_method":"NB_INDUS","payment_method_type":"NB"},{"nick_name":"IOB","supported_gateways":[{"gateway":"RAZORPAY","gateway_id":23,"supported_reference_ids":["DEFAULT_NULL"]},{"gateway":"BILLDESK","gateway_id":27,"supported_reference_ids":["DEFAULT_NULL"]}],"description":"Indian Overseas Bank","supported_by_default":true,"supported_reference_ids":["DEFAULT_NULL"],"juspay_bank_code":"JP_IOB","payment_method":"NB_IOB","payment_method_type":"NB"},{"nick_name":"J&K Bank","supported_gateways":[{"gateway":"RAZORPAY","gateway_id":23,"supported_reference_ids":["DEFAULT_NULL"]}],"description":"Jammu and Kashmir Bank","supported_by_default":true,"supported_reference_ids":["DEFAULT_NULL"],"juspay_bank_code":"JP_JNK","payment_method":"NB_JNK","payment_method_type":"NB"},{"nick_name":"Janata Sahakari Bank","supported_gateways":[{"gateway":"RAZORPAY","gateway_id":23,"supported_reference_ids":["DEFAULT_NULL"]},{"gateway":"BILLDESK","gateway_id":27,"supported_reference_ids":["DEFAULT_NULL"]}],"description":"Janata Sahakari Bank","supported_by_default":true,"supported_reference_ids":["DEFAULT_NULL"],"juspay_bank_code":"JP_JSB","payment_method":"NB_JSB","payment_method_type":"NB"},{"nick_name":"Karnataka Bank","supported_gateways":[{"gateway":"RAZORPAY","gateway_id":23,"supported_reference_ids":["DEFAULT_NULL"]},{"gateway":"BILLDESK","gateway_id":27,"supported_reference_ids":["DEFAULT_NULL"]}],"description":"Karnataka Bank","supported_by_default":true,"supported_reference_ids":["DEFAULT_NULL"],"juspay_bank_code":"JP_KARN","payment_method":"NB_KARN","payment_method_type":"NB"},{"nick_name":"KJSB","supported_gateways":[{"gateway":"RAZORPAY","gateway_id":23,"supported_reference_ids":["DEFAULT_NULL"]},{"gateway":"BILLDESK","gateway_id":27,"supported_reference_ids":["DEFAULT_NULL"]}],"description":"Kalyan Janata Sahakari Bank","supported_by_default":true,"supported_reference_ids":["DEFAULT_NULL"],"juspay_bank_code":"JP_KJSB","payment_method":"NB_KJSB","payment_method_type":"NB"},{"nick_name":"Kotak","supported_gateways":[{"gateway":"RAZORPAY","gateway_id":23,"supported_reference_ids":["DEFAULT_NULL"]},{"gateway":"BILLDESK","gateway_id":27,"supported_reference_ids":["DEFAULT_NULL"]}],"description":"Kotak Bank","supported_by_default":true,"supported_reference_ids":["DEFAULT_NULL"],"juspay_bank_code":"JP_KOTAK","payment_method":"NB_KOTAK","payment_method_type":"NB"},{"nick_name":"KVB","supported_gateways":[{"gateway":"RAZORPAY","gateway_id":23,"supported_reference_ids":["DEFAULT_NULL"]},{"gateway":"BILLDESK","gateway_id":27,"supported_reference_ids":["DEFAULT_NULL"]}],"description":"Karur Vysya","supported_by_default":true,"supported_reference_ids":["DEFAULT_NULL"],"juspay_bank_code":"JP_KVB","payment_method":"NB_KVB","payment_method_type":"NB"},{"nick_name":"Lakshmi Vilas","supported_gateways":[{"gateway":"RAZORPAY","gateway_id":23,"supported_reference_ids":["DEFAULT_NULL"]}],"description":"Lakshmi Vilas Bank Retail","supported_by_default":true,"supported_reference_ids":["DEFAULT_NULL"],"juspay_bank_code":"JP_LVB","payment_method":"NB_LVB","payment_method_type":"NB"},{"nick_name":"Lakshmi Vilas","supported_gateways":[{"gateway":"RAZORPAY","gateway_id":23,"supported_reference_ids":["DEFAULT_NULL"]}],"description":"Lakshmi Vilas Bank Corporate","supported_by_default":true,"supported_reference_ids":["DEFAULT_NULL"],"juspay_bank_code":"JP_LVBCORP","payment_method":"NB_LVBCORP","payment_method_type":"NB"},{"nick_name":"MUC Bank","supported_gateways":[{"gateway":"RAZORPAY","gateway_id":23,"supported_reference_ids":["DEFAULT_NULL"]},{"gateway":"BILLDESK","gateway_id":27,"supported_reference_ids":["DEFAULT_NULL"]}],"description":"Mehsana Urban Co. Op. Bank","supported_by_default":true,"supported_reference_ids":["DEFAULT_NULL"],"juspay_bank_code":"JP_MUCOOP","payment_method":"NB_MUCOOP","payment_method_type":"NB"},{"nick_name":"NESFB","supported_gateways":[{"gateway":"RAZORPAY","gateway_id":23,"supported_reference_ids":["DEFAULT_NULL"]},{"gateway":"BILLDESK","gateway_id":27,"supported_reference_ids":["DEFAULT_NULL"]}],"description":"North East Small Finance Bank","supported_by_default":true,"supported_reference_ids":["DEFAULT_NULL"],"juspay_bank_code":"JP_NESFB","payment_method":"NB_NESFB","payment_method_type":"NB"},{"nick_name":"North Kanara GSB","supported_gateways":[{"gateway":"RAZORPAY","gateway_id":23,"supported_reference_ids":["DEFAULT_NULL"]},{"gateway":"BILLDESK","gateway_id":27,"supported_reference_ids":["DEFAULT_NULL"]}],"description":"North Kanara GSB","supported_by_default":true,"supported_reference_ids":["DEFAULT_NULL"],"juspay_bank_code":"JP_NKGSB","payment_method":"NB_NKGSB","payment_method_type":"NB"},{"nick_name":"OBC","supported_gateways":[{"gateway":"RAZORPAY","gateway_id":23,"supported_reference_ids":["DEFAULT_NULL"]}],"description":"Oriental Bank Of Commerce","supported_by_default":true,"supported_reference_ids":["DEFAULT_NULL"],"juspay_bank_code":"JP_OBC","payment_method":"NB_OBC","payment_method_type":"NB"},{"nick_name":"PNB","supported_gateways":[{"gateway":"RAZORPAY","gateway_id":23,"supported_reference_ids":["DEFAULT_NULL"]},{"gateway":"BILLDESK","gateway_id":27,"supported_reference_ids":["DEFAULT_NULL"]}],"description":"Punjab National Bank Retail","supported_by_default":true,"supported_reference_ids":["DEFAULT_NULL"],"juspay_bank_code":"JP_PNB","payment_method":"NB_PNB","payment_method_type":"NB"},{"nick_name":"Punjab and Sind","supported_gateways":[{"gateway":"RAZORPAY","gateway_id":23,"supported_reference_ids":["DEFAULT_NULL"]},{"gateway":"BILLDESK","gateway_id":27,"supported_reference_ids":["DEFAULT_NULL"]}],"description":"Punjab and Sind Bank","supported_by_default":true,"supported_reference_ids":["DEFAULT_NULL"],"juspay_bank_code":"JP_PNJSB","payment_method":"NB_PNJSB","payment_method_type":"NB"},{"nick_name":"Ratnakar Bank","supported_gateways":[{"gateway":"RAZORPAY","gateway_id":23,"supported_reference_ids":["DEFAULT_NULL"]}],"description":"Ratnakar Bank","supported_by_default":true,"supported_reference_ids":["DEFAULT_NULL"],"juspay_bank_code":"JP_RBL","payment_method":"NB_RATN","payment_method_type":"NB"},{"nick_name":"RBL","supported_gateways":[{"gateway":"RAZORPAY","gateway_id":23,"supported_reference_ids":["DEFAULT_NULL"]},{"gateway":"BILLDESK","gateway_id":27,"supported_reference_ids":["DEFAULT_NULL"]}],"description":"RBL","supported_by_default":true,"supported_reference_ids":["DEFAULT_NULL"],"juspay_bank_code":"JP_RBL","payment_method":"NB_RBL","payment_method_type":"NB"},{"nick_name":"Saraswat","supported_gateways":[{"gateway":"RAZORPAY","gateway_id":23,"supported_reference_ids":["DEFAULT_NULL"]},{"gateway":"BILLDESK","gateway_id":27,"supported_reference_ids":["DEFAULT_NULL"]}],"description":"Saraswat Bank","supported_by_default":true,"supported_reference_ids":["DEFAULT_NULL"],"juspay_bank_code":"JP_SARASB","payment_method":"NB_SARASB","payment_method_type":"NB"},{"nick_name":"State Bank of Bikaner and Jaipur","supported_gateways":[{"gateway":"RAZORPAY","gateway_id":23,"supported_reference_ids":["DEFAULT_NULL"]}],"description":"State Bank of Bikaner and Jaipur","supported_by_default":true,"supported_reference_ids":["DEFAULT_NULL"],"juspay_bank_code":"JP_SBBJ","payment_method":"NB_SBBJ","payment_method_type":"NB"},{"nick_name":"SBH","supported_gateways":[{"gateway":"RAZORPAY","gateway_id":23,"supported_reference_ids":["DEFAULT_NULL"]}],"description":"State Bank of Hyderabad","supported_by_default":true,"supported_reference_ids":["DEFAULT_NULL"],"juspay_bank_code":"JP_SBH","payment_method":"NB_SBH","payment_method_type":"NB"},{"nick_name":"SBI","supported_gateways":[{"gateway":"RAZORPAY","gateway_id":23,"supported_reference_ids":["DEFAULT_NULL"]},{"gateway":"BILLDESK","gateway_id":27,"supported_reference_ids":["DEFAULT_NULL"]}],"description":"State Bank of India","supported_by_default":true,"supported_reference_ids":["DEFAULT_NULL"],"juspay_bank_code":"JP_SBI","payment_method":"NB_SBI","payment_method_type":"NB"},{"nick_name":"SBM Bank","supported_gateways":[{"gateway":"RAZORPAY","gateway_id":23,"supported_reference_ids":["DEFAULT_NULL"]}],"description":"State Bank of Mauritius","supported_by_default":true,"supported_reference_ids":["DEFAULT_NULL"],"juspay_bank_code":"JP_SBMU","payment_method":"NB_SBM","payment_method_type":"NB"},{"nick_name":"State Bank of Patiala","supported_gateways":[{"gateway":"RAZORPAY","gateway_id":23,"supported_reference_ids":["DEFAULT_NULL"]}],"description":"State Bank of Patiala","supported_by_default":true,"supported_reference_ids":["DEFAULT_NULL"],"juspay_bank_code":"JP_SBP","payment_method":"NB_SBP","payment_method_type":"NB"},{"nick_name":"State Bank of Travancore","supported_gateways":[{"gateway":"RAZORPAY","gateway_id":23,"supported_reference_ids":["DEFAULT_NULL"]}],"description":"State Bank of Travancore","supported_by_default":true,"supported_reference_ids":["DEFAULT_NULL"],"juspay_bank_code":"JP_SBT","payment_method":"NB_SBT","payment_method_type":"NB"},{"nick_name":"SCB","supported_gateways":[{"gateway":"RAZORPAY","gateway_id":23,"supported_reference_ids":["DEFAULT_NULL"]},{"gateway":"BILLDESK","gateway_id":27,"supported_reference_ids":["DEFAULT_NULL"]}],"description":"Standard Chartered Bank","supported_by_default":true,"supported_reference_ids":["DEFAULT_NULL"],"juspay_bank_code":"JP_SCB","payment_method":"NB_SCB","payment_method_type":"NB"},{"nick_name":"South Indian","supported_gateways":[{"gateway":"RAZORPAY","gateway_id":23,"supported_reference_ids":["DEFAULT_NULL"]},{"gateway":"BILLDESK","gateway_id":27,"supported_reference_ids":["DEFAULT_NULL"]}],"description":"South Indian Bank","supported_by_default":true,"supported_reference_ids":["DEFAULT_NULL"],"juspay_bank_code":"JP_SOIB","payment_method":"NB_SOIB","payment_method_type":"NB"},{"nick_name":"Shamrao Vithal","supported_gateways":[{"gateway":"RAZORPAY","gateway_id":23,"supported_reference_ids":["DEFAULT_NULL"]},{"gateway":"BILLDESK","gateway_id":27,"supported_reference_ids":["DEFAULT_NULL"]}],"description":"Shamrao Vithal Coop Bank","supported_by_default":true,"supported_reference_ids":["DEFAULT_NULL"],"juspay_bank_code":"JP_SVCB","payment_method":"NB_SVCB","payment_method_type":"NB"},{"nick_name":"Shamrao Vithal","supported_gateways":[{"gateway":"RAZORPAY","gateway_id":23,"supported_reference_ids":["DEFAULT_NULL"]}],"description":"Shamrao Vithal Coop Bank Corporate","supported_by_default":true,"supported_reference_ids":["DEFAULT_NULL"],"juspay_bank_code":"JP_SVCCORP","payment_method":"NB_SVCCORP","payment_method_type":"NB"},{"nick_name":"Canara Bank","supported_gateways":[{"gateway":"RAZORPAY","gateway_id":23,"supported_reference_ids":["DEFAULT_NULL"]}],"description":"Canara Bank (e-Syndicate)","supported_by_default":true,"supported_reference_ids":["DEFAULT_NULL"],"juspay_bank_code":"JP_SYNB","payment_method":"NB_SYNB","payment_method_type":"NB"},{"nick_name":"TMB","supported_gateways":[{"gateway":"RAZORPAY","gateway_id":23,"supported_reference_ids":["DEFAULT_NULL"]},{"gateway":"BILLDESK","gateway_id":27,"supported_reference_ids":["DEFAULT_NULL"]}],"description":"Tamilnad Mercantile Bank","supported_by_default":true,"supported_reference_ids":["DEFAULT_NULL"],"juspay_bank_code":"JP_TMB","payment_method":"NB_TMB","payment_method_type":"NB"},{"nick_name":"UBI","supported_gateways":[{"gateway":"RAZORPAY","gateway_id":23,"supported_reference_ids":["DEFAULT_NULL"]},{"gateway":"BILLDESK","gateway_id":27,"supported_reference_ids":["DEFAULT_NULL"]}],"description":"Union Bank of India","supported_by_default":true,"supported_reference_ids":["DEFAULT_NULL"],"juspay_bank_code":"JP_UBI","payment_method":"NB_UBI","payment_method_type":"NB"},{"nick_name":"UCO","supported_gateways":[{"gateway":"RAZORPAY","gateway_id":23,"supported_reference_ids":["DEFAULT_NULL"]},{"gateway":"BILLDESK","gateway_id":27,"supported_reference_ids":["DEFAULT_NULL"]}],"description":"UCO Bank","supported_by_default":true,"supported_reference_ids":["DEFAULT_NULL"],"juspay_bank_code":"JP_UCOB","payment_method":"NB_UCOB","payment_method_type":"NB"},{"nick_name":"United Bank","supported_gateways":[{"gateway":"RAZORPAY","gateway_id":23,"supported_reference_ids":["DEFAULT_NULL"]}],"description":"United Bank Of India","supported_by_default":true,"supported_reference_ids":["DEFAULT_NULL"],"juspay_bank_code":"JP_UNIB","payment_method":"NB_UNIB","payment_method_type":"NB"},{"nick_name":"Vijaya Bank","supported_gateways":[{"gateway":"RAZORPAY","gateway_id":23,"supported_reference_ids":["DEFAULT_NULL"]}],"description":"Vijaya Bank","supported_by_default":true,"supported_reference_ids":["DEFAULT_NULL"],"juspay_bank_code":"JP_VJYB","payment_method":"NB_VJYB","payment_method_type":"NB"},{"nick_name":"YES Bank","supported_gateways":[{"gateway":"RAZORPAY","gateway_id":23,"supported_reference_ids":["DEFAULT_NULL"]},{"gateway":"BILLDESK","gateway_id":27,"supported_reference_ids":["DEFAULT_NULL"]}],"description":"Yes Bank","supported_by_default":true,"supported_reference_ids":["DEFAULT_NULL"],"juspay_bank_code":"JP_YESB","payment_method":"NB_YESB","payment_method_type":"NB"},{"nick_name":"YES Bank","supported_gateways":[{"gateway":"RAZORPAY","gateway_id":23,"supported_reference_ids":["DEFAULT_NULL"]}],"description":"Yes Bank Corporate","supported_by_default":true,"supported_reference_ids":["DEFAULT_NULL"],"juspay_bank_code":"JP_YESBCORP","payment_method":"NB_YESBCORP","payment_method_type":"NB"},{"nick_name":"Rupay","supported_gateways":[{"gateway":"RAZORPAY","gateway_id":23,"supported_reference_ids":["DEFAULT_NULL"]},{"gateway":"BILLDESK","gateway_id":27,"supported_reference_ids":["DEFAULT_NULL"]},{"gateway":"PAYTM_V2","gateway_id":19,"supported_reference_ids":["DEFAULT_NULL"]},{"gateway":"PAYU","gateway_id":12,"supported_reference_ids":["DEFAULT_NULL"]}],"description":"Rupay","supported_by_default":true,"supported_reference_ids":["DEFAULT_NULL"],"payment_method":"RUPAY","payment_method_type":"CARD"},{"nick_name":"Visa","validations":{"refund_support":true},"supported_gateways":[{"gateway":"RAZORPAY","gateway_id":23,"supported_reference_ids":["DEFAULT_NULL"]},{"gateway":"BILLDESK","gateway_id":27,"supported_reference_ids":["DEFAULT_NULL"]},{"gateway":"PAYTM_V2","gateway_id":19,"supported_reference_ids":["DEFAULT_NULL"]},{"gateway":"PAYU","gateway_id":12,"supported_reference_ids":["DEFAULT_NULL"]}],"description":"Visa","supported_by_default":true,"supported_reference_ids":["DEFAULT_NULL"],"payment_method":"VISA","payment_method_type":"CARD"},{"nick_name":"UPI","supported_gateways":[{"gateway":"RAZORPAY","gateway_id":23,"supported_reference_ids":["DEFAULT_NULL"]},{"gateway":"BILLDESK","gateway_id":27,"supported_reference_ids":["DEFAULT_NULL"]},{"gateway":"PAYTM_V2","gateway_id":19,"supported_reference_ids":["DEFAULT_NULL"]},{"gateway":"PHONEPE","gateway_id":39,"supported_reference_ids":["DEFAULT_NULL"]},{"gateway":"PAYU","gateway_id":12,"supported_reference_ids":["DEFAULT_NULL"]}],"description":"UPI","supported_by_default":true,"supported_reference_ids":["DEFAULT_NULL"],"juspay_bank_code":"JP_UPI","payment_method":"UPI","payment_method_type":"UPI"},{"nick_name":"Diners","validations":{"refund_support":true},"supported_gateways":[{"gateway":"BILLDESK","gateway_id":27,"supported_reference_ids":["DEFAULT_NULL"]},{"gateway":"PAYTM_V2","gateway_id":19,"supported_reference_ids":["DEFAULT_NULL"]},{"gateway":"PAYU","gateway_id":12,"supported_reference_ids":["DEFAULT_NULL"]}],"description":"Diners","supported_by_default":true,"supported_reference_ids":["DEFAULT_NULL"],"payment_method":"DINERS","payment_method_type":"CARD"},{"nick_name":"APGB","supported_gateways":[{"gateway":"BILLDESK","gateway_id":27,"supported_reference_ids":["DEFAULT_NULL"]}],"description":"Andhra Pragathi Grameena Bank","supported_by_default":true,"supported_reference_ids":["DEFAULT_NULL"],"juspay_bank_code":"JP_APGB","payment_method":"NB_APGB","payment_method_type":"NB"},{"nick_name":"BOB","supported_gateways":[{"gateway":"BILLDESK","gateway_id":27,"supported_reference_ids":["DEFAULT_NULL"]}],"description":"Bank of Baroda Corporate","supported_by_default":true,"supported_reference_ids":["DEFAULT_NULL"],"juspay_bank_code":"JP_BOBCORP","payment_method":"NB_BOBCORP","payment_method_type":"NB"},{"nick_name":"Fincare Bank","supported_gateways":[{"gateway":"BILLDESK","gateway_id":27,"supported_reference_ids":["DEFAULT_NULL"]}],"description":"Fincare Bank","supported_by_default":true,"supported_reference_ids":["DEFAULT_NULL"],"juspay_bank_code":"JP_FINC","payment_method":"NB_FINC","payment_method_type":"NB"},{"nick_name":"Jana Bank","supported_gateways":[{"gateway":"BILLDESK","gateway_id":27,"supported_reference_ids":["DEFAULT_NULL"]}],"description":"Jana Small Finance Bank","supported_by_default":true,"supported_reference_ids":["DEFAULT_NULL"],"juspay_bank_code":"JP_JSFB","payment_method":"NB_JANA","payment_method_type":"NB"},{"nick_name":"KVGB","supported_gateways":[{"gateway":"BILLDESK","gateway_id":27,"supported_reference_ids":["DEFAULT_NULL"]}],"description":"Karnataka Vikas Grameena Bank","supported_by_default":true,"supported_reference_ids":["DEFAULT_NULL"],"juspay_bank_code":"JP_KVGB","payment_method":"NB_KVGB","payment_method_type":"NB"},{"nick_name":"PNB","supported_gateways":[{"gateway":"BILLDESK","gateway_id":27,"supported_reference_ids":["DEFAULT_NULL"]}],"description":"Punjab National Bank Corporate","supported_by_default":true,"supported_reference_ids":["DEFAULT_NULL"],"juspay_bank_code":"JP_PNBCORP","payment_method":"NB_PNBCORP","payment_method_type":"NB"},{"nick_name":"Shivalik Bank","supported_gateways":[{"gateway":"BILLDESK","gateway_id":27,"supported_reference_ids":["DEFAULT_NULL"]}],"description":"Shivalik Mercantile Cooperative Bank","supported_by_default":true,"supported_reference_ids":["DEFAULT_NULL"],"juspay_bank_code":"JP_SMCB","payment_method":"NB_SMCB","payment_method_type":"NB"},{"nick_name":"Discover","validations":{"refund_support":true},"supported_gateways":[{"gateway":"PAYTM_V2","gateway_id":19,"supported_reference_ids":["DEFAULT_NULL"]},{"gateway":"PAYU","gateway_id":12,"supported_reference_ids":["DEFAULT_NULL"]}],"description":"Discover","supported_by_default":true,"supported_reference_ids":["DEFAULT_NULL"],"payment_method":"DISCOVER","payment_method_type":"CARD"},{"nick_name":"JCB","validations":{"refund_support":true},"supported_gateways":[{"gateway":"PAYTM_V2","gateway_id":19,"supported_reference_ids":["DEFAULT_NULL"]},{"gateway":"PAYU","gateway_id":12,"supported_reference_ids":["DEFAULT_NULL"]}],"description":"JCB","supported_by_default":true,"supported_reference_ids":["DEFAULT_NULL"],"payment_method":"JCB","payment_method_type":"CARD"},{"nick_name":"UPI QR","supported_gateways":[{"gateway":"PHONEPE","gateway_id":39,"supported_reference_ids":["DEFAULT_NULL"]},{"gateway":"PAYU","gateway_id":12,"supported_reference_ids":["DEFAULT_NULL"]}],"description":"UPI QR","supported_by_default":true,"supported_reference_ids":["DEFAULT_NULL"],"juspay_bank_code":"UPI_QR","payment_method":"UPI_QR","payment_method_type":"UPI"},{"nick_name":"UPI QR","supported_gateways":[{"gateway":"PAYU","gateway_id":12,"supported_reference_ids":["DEFAULT_NULL"]}],"description":"UPI QR","supported_by_default":true,"supported_reference_ids":["DEFAULT_NULL"],"payment_method":"QR_CODE","payment_method_type":"UPI"},{"nick_name":"BajajFinserv","supported_gateways":[{"gateway":"PAYU","gateway_id":12,"supported_reference_ids":["DEFAULT_NULL"]}],"description":"BajajFinserv EMI","supported_by_default":true,"supported_reference_ids":["DEFAULT_NULL"],"payment_method":"BAJAJ","payment_method_type":"CARD"}],"surchargeLogic":null,"preAuthPaymentMethods":[]}