<?xml version='1.0' encoding='utf-8' standalone='yes' ?>
<map>
    <string name="bnc_app_store_source">PlayStore</string>
    <string name="bnc_link_click_identifier">bnc_no_value</string>
    <string name="bnc_push_identifier">bnc_no_value</string>
    <string name="bnc_anon_id">696aad93-03db-4eae-b1f7-830e124fa821</string>
    <string name="bnc_google_play_install_referrer_extras">utm_source=google-play&amp;utm_medium=organic</string>
    <string name="bnc_initial_referrer">android-app://com.oppo.launcher</string>
    <string name="bnc_app_link">bnc_no_value</string>
    <string name="bnc_link_click_id">bnc_no_value</string>
    <long name="bnc_install_begin_ts" value="1742612215" />
    <long name="bnc_last_known_update_time" value="1760755641907" />
    <string name="bnc_session_params">bnc_no_value</string>
    <long name="bnc_original_install_time" value="1760755641907" />
    <long name="bnc_previous_update_time" value="0" />
    <string name="bnc_branch_key">key_test_dziBfW8PmAcszKhK4pt2JaoeysfEx75m</string>
</map>
