<?xml version='1.0' encoding='utf-8' standalone='yes' ?>
<map>
    <boolean name="measurement_enabled_from_api" value="true" />
    <long name="first_open_time" value="1760755729242" />
    <string name="gmp_app_id">1:461924812382:android:119d0f93519f384d2916cf</string>
    <boolean name="measurement_enabled" value="true" />
    <string name="app_instance_id">86b0648b8e2490337ee6c5b360676808</string>
    <boolean name="has_been_opened" value="true" />
    <boolean name="app_backgrounded" value="true" />
    <boolean name="allow_remote_dynamite" value="true" />
    <long name="health_monitor:start" value="1760755731607" />
    <boolean name="use_service" value="true" />
    <boolean name="start_new_session" value="true" />
</map>
