<?xml version='1.0' encoding='utf-8' standalone='yes' ?>
<map>
    <set name="fire-core/20.1.2 device-brand/motorola fire-fcm/23.0.8 android-min-sdk/24 kotlin/1.8.21 device-model/liber fire-auth/21.0.8 fire-analytics/21.1.1 android-installer/com.android.secex fire-android/28 fire-abt/21.0.2 fire-cls-ndk/18.2.13 fire-installations/17.0.3 fire-rc/21.1.2 fire-rtdb/20.0.6 android-platform/ react-native-firebase/14.12.0 device-name/6e409eab6c6bc59a fire-cls/18.2.13 fire-transport/18.1.6 android-target-sdk/33">
        <string>2025-10-24</string>
    </set>
    <string name="last-used-date">2025-10-24</string>
    <long name="fire-count" value="1" />
    <long name="fire-global" value="1760755729633" />
</map>
