<?xml version='1.0' encoding='utf-8' standalone='yes' ?>
<map>
    <string name="user_session">{&quot;session_id&quot;:&quot;9e7829e2-fe93-4b6e-97ad-62933396fdad&quot;,&quot;start_time&quot;:&quot;2025-10-18T02:48:49.582Z&quot;,&quot;last_interaction_time&quot;:1760755849794}</string>
    <long name="last_event_sync_time" value="1760755849980" />
    <long name="inapp_last_sync_time" value="1760755730" />
    <set name="sent_activity_list">
        <string>com.facebook.ads.AudienceNetworkActivity</string>
        <string>com.google.android.gms.common.api.GoogleApiActivity</string>
        <string>com.moengage.pushbase.activities.PushTracker</string>
        <string>com.huawei.hms.support.api.push.TransActivity</string>
        <string>com.moengage.pushbase.activities.PushClickDialogTracker</string>
        <string>com.android.billingclient.api.ProxyBillingActivity</string>
        <string>com.ht.ottplay.MainActivity</string>
        <string>com.moe.pushlibrary.activities.MoEActivity</string>
        <string>com.google.android.gms.auth.api.signin.internal.SignInHubActivity</string>
        <string>com.moengage.pushbase.internal.activity.PermissionActivity</string>
        <string>com.huawei.hms.activity.BridgeActivity</string>
        <string>com.proyecto26.inappbrowser.ChromeTabsManagerActivity</string>
        <string>com.applisto.appcloner.classes.DefaultProvider$DefaultActivity</string>
        <string>in.juspay.hypersdk.core.CustomtabResult</string>
        <string>in.juspay.hypersdkreact.ProcessActivity</string>
        <string>in.juspay.hypersdk.core.CustomtabActivity</string>
        <string>com.moengage.hms.pushkit.PushClickTracker</string>
        <string>com.huawei.hms.activity.EnableServiceActivity</string>
        <string>com.yalantis.ucrop.UCropActivity</string>
        <string>com.google.android.gms.ads.AdActivity</string>
    </set>
    <string name="registration_id">fUnSX4txTmKc0bNgpBEzh_:APA91bFCD3tKsaQspSgyap-Ah945lOzdu5OJrgTW745fSP_n_Gsu6tgBt3pKwA0bTWXOtC4cNZ3R07J3qkPvL7oJemqVbLWQ1Aq3z8W631O9XXazHnXpJGc</string>
    <boolean name="is_device_registered" value="true" />
    <long name="last_config_sync_time" value="1760755730166" />
    <long name="inapp_api_sync_delay" value="900" />
    <long name="inapp_html_assets_delete_time" value="1760755729" />
    <boolean name="has_registered_for_verification" value="false" />
    <long name="in_app_global_delay" value="900" />
    <string name="APP_UUID">7544468c-43fb-4248-a23e-bc08968a6098</string>
    <string name="user_attribute_unique_id">1713399725309</string>
</map>
