{"Fid":"e-71mYaFRPuEXuaCgKAkfb","Status":3,"AuthToken":"eyJhbGciOiJFUzI1NiIsInR5cCI6IkpXVCJ9.eyJhcHBJZCI6IjE6MTAyMzEzMzcyODg5NDphbmRyb2lkOmYyNWE2NzFmNTE5NGUxZDYxOGQ4MmYiLCJleHAiOjE3NjI2NTAwNTUsImZpZCI6ImUtNzFtWWFGUlB1RVh1YUNnS0FrZmIiLCJwcm9qZWN0TnVtYmVyIjoxMDIzMTMzNzI4ODk0fQ.AB2LPV8wRQIgKn5hJBLsjZx-iv2rfvrJnBaMUzAzG4lHbPMhblylA04CIQDbxg4ke_qgf7qI6RjFUFFOs7ziW2ndCx1Z_YAfJs4UPQ","RefreshToken":"3_AS3qfwKmXZ5-x7cToZ1F3kb-ygkyYLXpx7P1iNcKmcAkEMwgy0RBj69K_3sCby_ksrtxXkbtYhloni-cHV3NqT1uOgb26YK54NrGT7vcJgjhA_E","TokenCreationEpochInSecs":1762045254,"ExpiresInSecs":604800}