<?xml version='1.0' encoding='utf-8' standalone='yes' ?>
<map>
    <string name="prev_event_name">sub_page_viewed</string>
    <long name="prev_event_timestamp" value="1761401323065" />
    <int name="appsFlyerInAppEventCount" value="10" />
    <long name="prev_session_dur" value="19" />
    <boolean name="ddl_sent" value="true" />
    <long name="af_rc_max_age" value="86400" />
    <string name="sentSuccessfully">true</string>
    <string name="af_remote_config">eyJmZWF0dXJlcyI6e30sInZlciI6ImRlZmF1bHQudjEuMTYzNzE0OTUyOSJ9</string>
    <int name="versionCode" value="50005" />
    <string name="savedProperties">{&quot;uid&quot;:&quot;1761401166031-2819941287956318118&quot;,&quot;waitForCustomerId&quot;:&quot;false&quot;,&quot;logLevel&quot;:&quot;0&quot;,&quot;AppUserId&quot;:&quot;256605968&quot;}</string>
    <string name="AF_INSTALLATION">1761401166031-2819941287956318118</string>
    <boolean name="afUninstallToken_queued" value="false" />
    <int name="appsFlyerCount" value="6" />
    <long name="af_rc_timestamp" value="1761401166763" />
    <long name="AppsFlyerTimePassedSincePrevLaunch" value="1761401323067" />
    <boolean name="newGPReferrerSent" value="true" />
    <string name="appsFlyerFirstInstall">2025-10-25_193607+0530</string>
</map>
