<?xml version='1.0' encoding='utf-8' standalone='yes' ?>
<map>
    <long name="fire-count" value="2" />
    <string name="last-used-date">2025-10-30</string>
    <long name="fire-global" value="1761824177550" />
    <set name="fire-perf/20.4.0 kotlin/2.0.21 device-brand/vivo fire-analytics/21.3.0 android-min-sdk/23 fire-fcm/23.2.0 fire-core-ktx/unspecified fire-sessions/1.0.0 fire-abt/21.1.1 fire-core/20.3.3 android-installer/com.android.vending device-name/2131i fire-android/31 fire-installations/17.1.3 android-platform/ fire-rc/21.4.1 fire-auth/22.1.0 fire-dl/21.1.0 fire-transport/18.1.8 android-target-sdk/27 device-model/2131 fire-cls/18.4.0">
        <string>2025-10-25</string>
    </set>
</map>
