{"Fid":"etQI_AK8R-Gsvrj8yfDqwF","Status":3,"AuthToken":"eyJhbGciOiJFUzI1NiIsInR5cCI6IkpXVCJ9.eyJhcHBJZCI6IjE6ODAwNzk1OTE2OTk5OmFuZHJvaWQ6ZGViOWMyNzUzYzU5MGRjNCIsImV4cCI6MTc2MjA1ODU0MywiZmlkIjoiZXRRSV9BSzhSLUdzdnJqOHlmRHF3RiIsInByb2plY3ROdW1iZXIiOjgwMDc5NTkxNjk5OX0.AB2LPV8wRQIhAKUNLeLCNlY-6ZBAWSHKDgT23wo_4_TM6-a9z0_QUkkZAiARFUHDMPeEWMIoJfmdyBij4EB5AQuPcNPczltSD1-PMQ","RefreshToken":"3_AS3qfwJOv1fqmkBRjSUKneHaYiooW3H6W1xyijTu1ZOSwwIeFH2inwVEI8-C1FEsQNL95JAZU30Ym4qer_7yi5laoT8If4CETdQDqjjXTX60D-o","TokenCreationEpochInSecs":1761453743,"ExpiresInSecs":604800}