<?xml version='1.0' encoding='utf-8' standalone='yes' ?>
<map>
    <boolean name="bg_startup_tracing" value="false" />
    <long name="com.facebook.appevents.SessionInfo.sessionStartTime" value="1762243485401" />
    <long name="com.facebook.appevents.SessionInfo.sessionEndTime" value="1762243502274" />
    <string name="com.facebook.appevents.UserDataStore.internalUserData">{&quot;r2&quot;:&quot;f2f712b77b062b1cbf1184dc24e2d8487af3d494745f4311344d47e82ade8956&quot;}</string>
    <int name="com.facebook.appevents.SessionInfo.interruptionCount" value="0" />
    <string name="com.facebook.appevents.SessionInfo.sessionId">e255e791-dc56-4a24-8f12-f043061ac518</string>
</map>
