<?xml version='1.0' encoding='utf-8' standalone='yes' ?>
<map>
    <string name="path">https://api2.ottplay.com/api/v4.7/mobile/ranking/?module_name=Subscription&amp;platform=android&amp;limit=10&amp;section=widget_india_tour_of_australia_2025&amp;pin_it=true&amp;title=India Tour of Australia 2025&amp;template_name=sports_highlights&amp;page=1&amp;lang_pref=false&amp;language=false&amp;language_id=null&amp;genre=false&amp;genre_id=undefined&amp;provider=false&amp;provider_id=null&amp;randomId=2613</string>
    <string name="headers">{&quot;Content-Type&quot;:&quot;application/json&quot;,&quot;client_id&quot;:1713399725309,&quot;Authorization&quot;:&quot;Bearer 34B7FBD24B97D7A4CF717D414F2A8&quot;,&quot;auth&quot;:&quot;GTOCS366PHSZWJIQ72LSN6MKUCZXAZUZKGHKYTIK6L6Q5DK4PQ3SYUSWU6YYEA3Y2HOXSWICTEUNS7GOEQWL3QC5K52IXCOIZEFRQEQ=&quot;,&quot;profile_id&quot;:&quot;662067de948437001dbc0a1f&quot;,&quot;device_id&quot;:&quot;91c489f7ff26b798&quot;,&quot;appVersion&quot;:&quot;0.37.65(2)&quot;,&quot;pc_type&quot;:&quot;false&quot;,&quot;plan_code&quot;:&quot;ott_all&quot;,&quot;apiVersion&quot;:3}</string>
    <string name="body">{&quot;device_id&quot;:&quot;91c489f7ff26b798&quot;,&quot;device_name&quot;:&quot;NE2211&quot;,&quot;device_media&quot;:[]}</string>
    <string name="lastInteraction">Display ReactActivity</string>
</map>
