<?xml version='1.0' encoding='utf-8' standalone='yes' ?>
<map>
    <string name="user_session">{&quot;session_id&quot;:&quot;9f86cdfa-e198-41fc-b924-0b2a406ee01c&quot;,&quot;start_time&quot;:&quot;2025-11-04T08:03:05.392Z&quot;,&quot;last_interaction_time&quot;:1762243503022}</string>
    <long name="last_event_sync_time" value="1762243509090" />
    <long name="inapp_last_sync_time" value="1762243486" />
    <set name="sent_activity_list">
        <string>com.google.android.gms.common.api.GoogleApiActivity</string>
        <string>in.juspay.hypernfc.NfcActivity</string>
        <string>com.moengage.pushbase.activities.PushClickDialogTracker</string>
        <string>com.google.android.gms.auth.api.signin.internal.SignInHubActivity</string>
        <string>com.android.billingclient.api.ProxyBillingActivityV2</string>
        <string>com.moengage.pushbase.internal.activity.PermissionActivity</string>
        <string>com.proyecto26.inappbrowser.ChromeTabsManagerActivity</string>
        <string>com.google.firebase.auth.internal.RecaptchaActivity</string>
        <string>com.applisto.appcloner.classes.DefaultProvider$DefaultActivity</string>
        <string>in.juspay.hypersdk.core.CustomtabResult</string>
        <string>in.juspay.hypersdkreact.ProcessActivity</string>
        <string>com.ht.ottplay.MainActivityic_launcher</string>
        <string>com.yalantis.ucrop.UCropActivity</string>
        <string>com.facebook.CustomTabActivity</string>
        <string>com.google.android.tv.ads.controls.FallbackImageActivity</string>
        <string>com.moengage.pushbase.activities.PushTracker</string>
        <string>com.facebook.FacebookActivity</string>
        <string>com.android.billingclient.api.ProxyBillingActivity</string>
        <string>com.ht.ottplay.MainActivity</string>
        <string>com.moe.pushlibrary.activities.MoEActivity</string>
        <string>com.google.firebase.auth.internal.GenericIdpActivity</string>
        <string>com.facebook.CustomTabMainActivity</string>
        <string>com.moengage.inapp.internal.activity.MoEInAppActivity</string>
        <string>com.google.android.play.core.common.PlayCoreDialogWrapperActivity</string>
        <string>in.juspay.hypersdk.core.CustomtabActivity</string>
        <string>com.moengage.hms.pushkit.PushClickTracker</string>
    </set>
    <string name="registration_id">f6nfO-3DRlilYAG19dXPB-:APA91bFA_GPLtp-ftbMQ2Yua9w1OdAj9_wFX9r7aW0KrWhkV-lJfT_kWkOKYA4U1TQhL8i-KOnDUSZ-z0Iyw6LutGwfaliq3LTFlnWT4KYM9xc_OY6qmX74</string>
    <boolean name="is_device_registered" value="true" />
    <long name="last_config_sync_time" value="1762243385903" />
    <long name="notification_permission_tracked_time" value="1762243385524" />
    <long name="events_batch_number" value="2" />
    <long name="inapp_api_sync_delay" value="900" />
    <boolean name="has_registered_for_verification" value="false" />
    <long name="inapp_html_assets_delete_time" value="1762243385" />
    <long name="in_app_global_delay" value="900" />
    <string name="APP_UUID">fc8b1599-5a6b-433d-99df-a2835855996a</string>
</map>
