<?xml version='1.0' encoding='utf-8' standalone='yes' ?>
<map>
    <int name="AF_CACHE_VERSION" value="1" />
    <string name="prev_event_name">upi_autopay_apps_available</string>
    <long name="prev_event_timestamp" value="1761840607546" />
    <boolean name="didSendRevenueTriggerOnLastBackground" value="false" />
    <int name="appsFlyerInAppEventCount" value="7" />
    <string name="gcd">{&quot;net&quot;:965,&quot;retries&quot;:0}</string>
    <long name="prev_session_dur" value="50" />
    <long name="af_rc_max_age" value="86400" />
    <boolean name="ddl_sent" value="true" />
    <string name="sentSuccessfully">true</string>
    <int name="versionCode" value="5040105" />
    <string name="af_remote_config">eyJmZWF0dXJlcyI6e30sInZlciI6ImRlZmF1bHQudjEuMTYzNzE0OTUyOSJ9</string>
    <string name="savedProperties">{&quot;waitForCustomerId&quot;:&quot;false&quot;,&quot;logLevel&quot;:&quot;0&quot;,&quot;userEmails&quot;:&quot;{\&quot;plain_el_arr\&quot;:[\&quot;null\&quot;]}&quot;,&quot;AppUserId&quot;:&quot;259353974&quot;,&quot;userEmailsCryptType&quot;:&quot;0&quot;}</string>
    <string name="AF_INSTALLATION">1761840556681-5250538991759327944</string>
    <boolean name="afUninstallToken_queued" value="false" />
    <int name="appsFlyerCount" value="1" />
    <long name="af_rc_timestamp" value="1761840557080" />
    <long name="AppsFlyerTimePassedSincePrevLaunch" value="1761840559771" />
    <boolean name="newGPReferrerSent" value="true" />
    <string name="first_launch">{&quot;net&quot;:659,&quot;from_fg&quot;:984,&quot;start_with&quot;:&quot;application&quot;,&quot;init_to_fg&quot;:862}</string>
    <string name="appsFlyerFirstInstall">2025-10-30_213916+0530</string>
</map>
