<?xml version='1.0' encoding='utf-8' standalone='yes' ?>
<map>
    <long name="prev_session_dur" value="20" />
    <boolean name="ddl_sent" value="true" />
    <long name="af_rc_max_age" value="86400" />
    <int name="versionCode" value="4020" />
    <string name="af_remote_config">eyJmZWF0dXJlcyI6e30sInZlciI6ImRlZmF1bHQudjEuMTYzNzE0OTUyOSJ9</string>
    <string name="savedProperties">{&quot;uid&quot;:&quot;1760965804767-3306660231171594407&quot;,&quot;logLevel&quot;:&quot;4&quot;}</string>
    <string name="AF_INSTALLATION">1760965804767-3306660231171594407</string>
    <int name="appsFlyerCount" value="3" />
    <long name="AppsFlyerTimePassedSincePrevLaunch" value="1760965855019" />
    <boolean name="newGPReferrerSent" value="true" />
    <long name="af_rc_timestamp" value="1760965854032" />
    <string name="first_launch">{&quot;net&quot;:480,&quot;from_fg&quot;:1670,&quot;start_with&quot;:&quot;application&quot;,&quot;init_to_fg&quot;:191}</string>
    <string name="appsFlyerFirstInstall">2025-10-20_184005+0530</string>
</map>
