<?xml version='1.0' encoding='utf-8' standalone='yes' ?>
<map>
    <long name="first_open_time" value="1760965857730" />
    <string name="gmp_app_id">1:234254249514:android:f5714a3ae8ff7549a99d53</string>
    <string name="app_instance_id">74bff3cea812713b158590e7c62007f3</string>
    <boolean name="has_been_opened" value="true" />
    <boolean name="app_backgrounded" value="true" />
    <long name="session_id" value="0" />
    <boolean name="allow_remote_dynamite" value="true" />
    <long name="health_monitor:start" value="1760965875432" />
    <boolean name="use_service" value="true" />
    <long name="last_pause_time" value="0" />
    <boolean name="start_new_session" value="true" />
    <long name="deferred_attribution_cache_timestamp" value="0" />
</map>
