<?xml version='1.0' encoding='utf-8' standalone='yes' ?>
<map>
    <string name="last-used-date">2025-10-21</string>
    <long name="fire-count" value="1" />
    <long name="fire-global" value="1761037706659" />
    <set name="kotlin/2.0.21 device-brand/iQOO fire-installations/18.0.0 fire-android/28 fire-abt/21.1.1 android-installer/com.android.vending fire-core/21.0.0 fire-core-ktx/21.0.0 fire-analytics/22.2.0 fire-perf/21.0.4 android-min-sdk/21 android-platform/ fire-rc/21.5.0 fire-fcm/24.1.0 android-target-sdk/35 fire-sessions/2.0.8 fire-transport/19.0.0 device-model/PD2056 device-name/PD2056 fire-cls/19.4.0">
        <string>2025-10-21</string>
    </set>
</map>
