<?xml version='1.0' encoding='utf-8' standalone='yes' ?>
<map>
    <string name="cred1">916395802758</string>
    <string name="cred2">Poipoi890</string>
    <string name="USER_DEVICE_ID">1276221</string>
    <string name="user">rO0ABXNyACBjb20uc3RhcnpwbGF5LnNkay5tb2RlbC5wZWcuVXNlcgAAAABKDKOzAgAgSQAIYmly&#10;dGhEYXlJAApiaXJ0aE1vbnRoSQAJYmlydGhZZWFyWgAKaXNBY3RpdmF0ZVoAC2lzTG9ja2VkT3V0&#10;WgAKaXNWZXJpZmllZEkACHRlbmFudElkTAAPYmlsbGluZ0FjY291bnRzdAAQTGphdmEvdXRpbC9M&#10;aXN0O0wAB2NvdW50cnl0ABJMamF2YS9sYW5nL1N0cmluZztMAAdkZXZpY2VzcQB+AAFMAAxlbWFp&#10;bEFkZHJlc3NxAH4AAkwACWZpcnN0TmFtZXEAfgACTAAGZ2VuZGVycQB+AAJMAAxnbG9iYWxVc2Vy&#10;SWRxAH4AAkwACGxhc3ROYW1lcQB+AAJMAAZsb2NhbGVxAH4AAkwAEG1lZGlhQWNjZXNzVG9rZW5x&#10;AH4AAkwABnBob25lc3QALUxjb20vc3RhcnpwbGF5L3Nkay9tb2RlbC9wZWcvVXNlciRVc2VyUGhv&#10;bmVzO0wACHBob3RvVXJscQB+AAJMAAhwcm9maWxlc3EAfgABTAAQcmVtb3ZlTG9naW5FbWFpbHEA&#10;fgACTAALc2Vzc2lvbkluZm90ABNMamF2YS91dGlsL0hhc2hNYXA7TAAIc2V0dGluZ3N0ACpMY29t&#10;L3N0YXJ6cGxheS9zZGsvbW9kZWwvcGVnL1VzZXJTZXR0aW5ncztMAApzaWdudXBUeXBlcQB+AAJM&#10;AAVzdGF0ZXEAfgACTAAOdGVuYW50TG9uZ05hbWVxAH4AAkwAD3RlbmFudFNob3J0TmFtZXEAfgAC&#10;TAAMdGh1bWJuYWlsVXJscQB+AAJMAAV0b2tlbnEAfgACTAAIdXNlck5hbWVxAH4AAkwADnVzZXJQ&#10;cmVmZXJlbmNldAAsTGNvbS9zdGFyenBsYXkvc2RrL21vZGVsL3BlZy9Vc2VyUHJlZmVyZW5jZTtM&#10;AAd6aXBjb2RlcQB+AAJ4cAAAAAAAAAAAAAAAAAAAAAAAAABwcHBwdAAGQXJ2aW5kcHQAJDIzYjdj&#10;N2VjNzBjYjQ4ODY5ZGI1MDQzYjNlYjYzNTZlLWxnaXQAB0NoYXVoYW50AAJlbnQAIEdOVHBYNjFN&#10;SFEtcU9sc00zNXI2UVVBQUVJQXVvSUNxc3IAK2NvbS5zdGFyenBsYXkuc2RrLm1vZGVsLnBlZy5V&#10;c2VyJFVzZXJQaG9uZXMAAAAAShntQwIAAUwABm1vYmlsZXEAfgACeHB0AAw5MTYzOTU4MDI3NThw&#10;cHBzcgARamF2YS51dGlsLkhhc2hNYXAFB9rBwxZg0QMAAkYACmxvYWRGYWN0b3JJAAl0aHJlc2hv&#10;bGR4cD9AAAAAAAAMdwgAAAAQAAAAAXQADHNlc3Npb25Ub2tlbnQAnnNweC12MS5leUpwYzNNaU9p&#10;SXlNMkkzWXpkbFl6Y3dZMkkwT0RnMk9XUmlOVEEwTTJJelpXSTJNelUyWlMxc1oya2lMQ0psYm5Z&#10;aU9pSnNaMmt0Y0hKdlpDSXNJbWxoZENJNk1UYzJNRGsyTlRnMU1YMC5KUjF2MHI2ckNfekdSTHFG&#10;dzEzYVhfWTVRMFUxRWNYMGh5cXpXRjcwdVpJeHNyAChjb20uc3RhcnpwbGF5LnNkay5tb2RlbC5w&#10;ZWcuVXNlclNldHRpbmdzAAAAAEoLLE8CADFMAApDYW1wYWlnbklEcQB+AAJMABZhY2NvdW50UmVx&#10;dWVzdGVkU3RhdHVzcQB+AAJMAA1hY2NvdW50U3RhdHVzcQB+AAJMAA5hY3RpdmF0aW9uRGF0ZXEA&#10;fgACTAAGYWRkb25zcQB+AAFMAAphcHBsZUxvZ2lucQB+AAJMAAxiaWxsaW5nUGhvbmVxAH4AAkwA&#10;CGNoZWNrYm94cQB+AAJMAAxjb25maXJtRW1haWxxAH4AAkwADWNvdW50cnlTaWduVXBxAH4AAkwA&#10;C2NvdW50cnlVc2VycQB+AAJMAAxjdXN0b21lclR5cGVxAH4AAkwAEmRlYWN0aXZhdGlvblJlYXNv&#10;bnEAfgACTAAQZGVhY3RpdmF0aW9uVGV4dHEAfgACTAAPZGlzY291bnRFbmREYXRlcQB+AAJMAA1m&#10;YWNlYm9va0xvZ2lucQB+AAJMAA1mYWNlYm9va1NoYXJlcQB+AAJMAAhmZWVkYmFja3EAfgACTAAJ&#10;ZnJlZVRyaWFscQB+AAJMABBmcmVlVHJpYWxFbmREYXRlcQB+AAJMAAtnb29nbGVMb2dpbnEAfgAC&#10;TAALZ29vZ2xlU2hhcmVxAH4AAkwAEmludml0ZVJlZmVycmFsQ29kZXEAfgACTAAOa2VlcE1lTG9n&#10;Z2VkSW5xAH4AAkwACGxhbmd1YWdlcQB+AAJMABJsYXN0Q2hhbmdlUGFzc3dvcmRxAH4AAkwAFGxh&#10;c3REZWFjdGl2YXRpb25EYXRlcQB+AAJMAAxsb3BkRGVsZXRpb25xAH4AAkwACm5ld3NsZXR0ZXJx&#10;AH4AAkwAB293bmVySWRxAH4AAkwAD3BhcmVudGFsQ29udHJvbHEAfgACTAALcHJvZmlsZVR5cGVx&#10;AH4AAkwABnJhbmRvbXEAfgACTAAGcmVjb0NHcQB+AAJMABJyZWZlcnJhbEZyZWVNb250aHNxAH4A&#10;AkwADnJlZmVycmFsUG9pbnRzcQB+AAJMAAxyZXF1ZXN0U3RhdGVxAH4AAkwAEHJlcXVlc3RTdGF0&#10;ZURhdGVxAH4AAkwAF3JlcXVlc3RTdGF0ZUxhc3RDaGFuZ2VkcQB+AAJMAA5zaGFyaW5nQWxsb3dl&#10;ZHEAfgACTAAJc3Vic2NyaWJlcQB+AAJMAAp0YXhDb3VudHJ5cQB+AAJMAA90YXhTdWJkaXZpc2lv&#10;bjFxAH4AAkwABXRlcm1zcQB+AAJMAAh0dXRvcmlhbHEAfgACTAAMdHdpdHRlckxvZ2lucQB+AAJM&#10;AAx0d2l0dGVyU2hhcmVxAH4AAkwAFXZlcmlmaWNhdGlvbkVtYWlsU2VudHEAfgACTAADdmlwcQB+&#10;AAJ4cHQAAHB0AAZBY3RpdmVwcHBwcHB0AAB0AAB0AAZSZXRhaWxwcHBwdAAFZmFsc2VwcHQAFDIw&#10;MjQtMDktMTFUMTA6MDg6MjZacHQABWZhbHNlcHB0AAJlbnBwdAAFZmFsc2V0AAR0cnVldAAkMjNi&#10;N2M3ZWM3MGNiNDg4NjlkYjUwNDNiM2ViNjM1NmUtbGdpdAACMTh0AAVhZG1pbnB0AAQwLjE4cHBw&#10;cHBwcHQAAklOcHQABHRydWV0AAVmYWxzZXB0AAVmYWxzZXQABWZhbHNldAAFZmFsc2VwcHBwcHBw&#10;cHA=&#10;    </string>
</map>
