<?xml version='1.0' encoding='utf-8' standalone='yes' ?>
<map>
    <string name="pfworkid">4R6-896-895Z</string>
    <string name="instance:4R6-896-895Z">{&quot;accountId&quot;:&quot;4R6-896-895Z&quot;,&quot;accountToken&quot;:&quot;6cb-624&quot;,&quot;accountRegion&quot;:&quot;in1&quot;,&quot;analyticsOnly&quot;:false,&quot;isDefaultInstance&quot;:true,&quot;useGoogleAdId&quot;:false,&quot;disableAppLaunchedEvent&quot;:false,&quot;personalization&quot;:true,&quot;debugLevel&quot;:0,&quot;createdPostAppLaunch&quot;:true,&quot;sslPinning&quot;:false,&quot;backgroundSync&quot;:true,&quot;getEnableCustomCleverTapId&quot;:false,&quot;beta&quot;:false,&quot;encryptionLevel&quot;:0,&quot;encryptionInTransit&quot;:&quot;0&quot;,&quot;allowedPushTypes&quot;:[]}</string>
    <int name="comms_first_ts:4R6-896-895Z" value="1760965812" />
    <boolean name="ssInAppMigrated:4R6-896-895Z" value="true" />
    <string name="deviceId:4R6-896-895Z">__288b772d4b374bfca815d60ef73735cc</string>
    <int name="cachedGUIDsLengthKey:4R6-896-895Z" value="2" />
    <int name="istc_inapp:__288b772d4b374bfca815d60ef73735cc:4R6-896-895Z" value="0" />
    <string name="ict_date:__288b772d4b374bfca815d60ef73735cc:4R6-896-895Z">20102025</string>
    <int name="encryptionMigrationFailureCount:4R6-896-895Z" value="0" />
    <int name="sexe:4R6-896-895Z" value="1760965873" />
    <boolean name="NetworkInfo:4R6-896-895Z" value="true" />
    <int name="lastSessionId:4R6-896-895Z" value="1760965853" />
    <int name="encryptionLevel:4R6-896-895Z" value="0" />
    <int name="imc:__288b772d4b374bfca815d60ef73735cc:4R6-896-895Z" value="1" />
    <int name="comms_last_ts:4R6-896-895Z" value="1760965860" />
    <int name="istmcd_inapp:__288b772d4b374bfca815d60ef73735cc:4R6-896-895Z" value="10" />
    <string name="SP_KEY_PROFILE_IDENTITIES:4R6-896-895Z">Email,Identity</string>
    <long name="last_assets_cleanup" value="1760965813086" />
    <string name="cachedGUIDsKey:4R6-896-895Z">{&quot;Email_N\/A&quot;:&quot;__288b772d4b374bfca815d60ef73735cc&quot;,&quot;Identity_23b7c7ec70cb48869db5043b3eb6356e-lgi&quot;:&quot;__288b772d4b374bfca815d60ef73735cc&quot;}</string>
</map>
