<?xml version='1.0' encoding='utf-8' standalone='yes' ?>
<map>
    <int name="d_ts" value="0" />
    <int name="dh" value="0" />
    <int name="hgt" value="4" />
    <string name="av">6.17.3.2025.08.15</string>
    <int name="v" value="2" />
    <int name="wdt" value="2" />
    <string name="j_n">Zw==</string>
    <string name="i_n">ZG5gfgEIBQE=</string>
    <int name="r_ts" value="1760965862" />
    <string name="id">4R6-896-895Z</string>
    <string name="k_n">DHh5cgMGAg1iYmJ5YG9qaR4SAwc1bTF8Mjlle1FSBQxvbGsvNW9ifwFSAlE1bGF+YT9/J1VZE2k=</string>
    <string name="j_s">{}</string>
</map>
