<?xml version='1.0' encoding='utf-8' standalone='yes' ?>
<map>
    <long name="first_open_time" value="1760945610302" />
    <string name="gmp_app_id">1:800795916999:android:deb9c2753c590dc4</string>
    <string name="app_instance_id">dbd55a665db948ba8d0d38482f398e58</string>
    <long name="session_id" value="1760945611" />
    <boolean name="app_backgrounded" value="false" />
    <long name="health_monitor:start" value="1760945611332" />
    <boolean name="use_service" value="true" />
    <boolean name="deferred_analytics_collection" value="false" />
    <string name="previous_os_version">13</string>
    <boolean name="has_been_opened" value="true" />
    <boolean name="allow_remote_dynamite" value="true" />
    <long name="last_pause_time" value="1760950913264" />
    <boolean name="start_new_session" value="true" />
</map>
