<?xml version='1.0' encoding='utf-8' standalone='yes' ?>
<map>
    <string name="userLangPref">1,6,12</string>
    <boolean name="pref_volume" value="true" />
    <boolean name="first_time_navigation_open" value="true" />
    <int name="MEDIA_SELECTION_INDEX" value="-1" />
    <boolean name="first_time_video_open" value="true" />
    <long name="SEEK_POSITION_6718822dfbe75c43835b116ea5caa561" value="2000" />
    <int name="MEDIA_GROUP_INDEX" value="-1" />
    <boolean name="MAP_KEY_SESSION" value="true" />
    <boolean name="program_detail_already" value="true" />
    <string name="COUPON_DATA"></string>
</map>
