<?xml version='1.0' encoding='utf-8' standalone='yes' ?>
<map>
    <long name="app_launch_counter" value="1" />
    <string name="device_id_new">5WOF82RIoc7V5e%2FwaM%2B0xFyJnienvB1gnXph5GTxFn8%3D</string>
    <long name="lastActiveTime" value="1760949837448" />
    <string name="user_type">free</string>
    <int name="app_version" value="4000185" />
    <string name="session_referrer"></string>
    <int name="expiration_time" value="0" />
    <string name="advertising_id">8fcbd7a3-cb17-45c3-bb2e-89323a1c099f</string>
    <string name="display_sdk_language">english</string>
    <string name="sessionid">5WOF82RIoc7V5e%2FwaM%2B0xFyJnienvB1gnXph5GTxFn8%3D.1760949835</string>
    <int name="user_state" value="1" />
</map>
