<?xml version='1.0' encoding='utf-8' standalone='yes' ?>
<map>
    <int name="d_ts" value="1760945614" />
    <int name="dh" value="-1026079586" />
    <int name="hgt" value="4" />
    <string name="av">7.1.7</string>
    <int name="v" value="2" />
    <int name="wdt" value="2" />
    <string name="j_n">YGllegAIAQNn</string>
    <string name="i_n">ZmtgewUBAgVgaA==</string>
    <int name="r_ts" value="1760950913" />
    <string name="id">877-958-874Z</string>
    <string name="k_n">DHgxeVpYU1kjMjEmI2swHHRJfF4WLR8KamdwFg==</string>
    <string name="j_s">{}</string>
</map>
