<?xml version='1.0' encoding='utf-8' standalone='yes' ?>
<map>
    <string name="cachedGUIDsKey:877-958-874Z">{&quot;Identity_c2hhbmthcmt1bWFyMjAwMA==&quot;:&quot;__d0aeb0351faa4a929834a06c03345a83&quot;}</string>
    <string name="deviceId:877-958-874Z">__d0aeb0351faa4a929834a06c03345a83</string>
    <string name="pfworkid">877-958-874Z</string>
    <int name="sexe:877-958-874Z" value="1760950913" />
    <int name="istmcd_inapp:__d0aeb0351faa4a929834a06c03345a83:877-958-874Z" value="10" />
    <int name="imc:__d0aeb0351faa4a929834a06c03345a83:877-958-874Z" value="1" />
    <boolean name="NetworkInfo:877-958-874Z" value="true" />
    <int name="lastSessionId:877-958-874Z" value="1760950890" />
    <string name="fcm_token:877-958-874Z">fuSe-ZA6T9WMNUrdJZjdNz:APA91bGB1cFtMs3krXSzSsfbK6U1zQItM2Yl4BfQGZeyOqCA_E-hb7hcLNc351D4AGWN7Da-XN00diIGx6Mqx18h1MoNOEYsP-RZH3DhQNBo3d1GHqtpfR0</string>
    <string name="instance:877-958-874Z">{&quot;accountId&quot;:&quot;877-958-874Z&quot;,&quot;accountToken&quot;:&quot;b5c-aab&quot;,&quot;accountRegion&quot;:&quot;in1&quot;,&quot;analyticsOnly&quot;:false,&quot;isDefaultInstance&quot;:true,&quot;useGoogleAdId&quot;:false,&quot;disableAppLaunchedEvent&quot;:false,&quot;personalization&quot;:true,&quot;debugLevel&quot;:0,&quot;createdPostAppLaunch&quot;:false,&quot;sslPinning&quot;:false,&quot;backgroundSync&quot;:true,&quot;getEnableCustomCleverTapId&quot;:false,&quot;beta&quot;:false,&quot;encryptionLevel&quot;:0}</string>
    <string name="ict_date:__d0aeb0351faa4a929834a06c03345a83:877-958-874Z">20102025</string>
    <string name="SP_KEY_PROFILE_IDENTITIES:877-958-874Z">Email,Identity</string>
    <int name="comms_first_ts:877-958-874Z" value="1760945616" />
    <int name="comms_last_ts:877-958-874Z" value="1760950912" />
    <int name="istc_inapp:__d0aeb0351faa4a929834a06c03345a83:877-958-874Z" value="0" />
    <long name="last_assets_cleanup" value="1760945616295" />
</map>
