{"Fid":"cLhQlnscQzubnogRY5f26I","Status":3,"AuthToken":"eyJhbGciOiJFUzI1NiIsInR5cCI6IkpXVCJ9.eyJhcHBJZCI6IjE6MTAyMzEzMzcyODg5NDphbmRyb2lkOmYyNWE2NzFmNTE5NGUxZDYxOGQ4MmYiLCJleHAiOjE3NjMwMDI3MzgsImZpZCI6ImNMaFFsbnNjUXp1Ym5vZ1JZNWYyNkkiLCJwcm9qZWN0TnVtYmVyIjoxMDIzMTMzNzI4ODk0fQ.AB2LPV8wRQIhAIsCUDxUR-S7UTeRTEqp5IBwNVW3xaqR5fjtTEor-veRAiBJlku7QvWXjj6jzYBqVJy-DOzf1hri6cSja5X0EqFlMw","RefreshToken":"3_AS3qfwLG_0EmTJbhvAqrKQZgh9tCXCYlU7caLTAYP5QeHocWI-BpfiyD0M0gnND7dt4fwqTD6AsUWaRZ8IVt2-F9nVAQ_B7gaXdOEMv5WBssHE4","TokenCreationEpochInSecs":1762397938,"ExpiresInSecs":604800}