<?xml version='1.0' encoding='utf-8' standalone='yes' ?>
<map>
    <long name="first_open_time" value="1762577416868" />
    <string name="gmp_app_id">1:461924812382:android:119d0f93519f384d2916cf</string>
    <boolean name="has_been_opened" value="true" />
    <string name="health_monitor:value">2WC73000:Service invalid</string>
    <boolean name="allow_remote_dynamite" value="true" />
    <long name="health_monitor:start" value="1762577417274" />
    <boolean name="start_new_session" value="true" />
    <long name="health_monitor:count" value="6" />
</map>
