[{"timestamp":"2025-11-07T15:39:21.408Z","type":"http","data":{"status_code":200.0,"method":"GET","url":"https://api2.ottplay.com/api/re-service/v1.4/web/re-widget/premium-top-10-movies/?module_name=Subscription&platform=android&limit=50&section=widget_oTTplay_top_10_movies&pin_it=false&title=OTTplay Top 10 Movies&template_name=Top10&page=1&lang_pref=false&language=false&language_id=null&genre=false&genre_id=undefined&provider=false&provider_id=null&randomId=9281"},"category":"xhr","level":"info"},{"timestamp":"2025-11-07T15:39:23.229Z","message":"trackEvent with properties [object Object]","data":{"logger":"console","arguments":["trackEvent with properties",{"locationAttributes":{},"isNonInteractive":false,"dateTimeAttributes":{},"generalAttributes":{"eventCategory":"nav_icon_click","eventAction":"/me"}}]},"category":"console","level":"debug"},{"timestamp":"2025-11-07T15:39:23.668Z","message":"Navigation to Settings","type":"navigation","data":{"from":"MainStack","to":"Settings"},"category":"navigation","level":"info"},{"timestamp":"2025-11-07T15:39:23.871Z","type":"http","data":{"status_code":401.0,"method":"GET","url":"https://api2.ottplay.com/api/v4.5/mobile/watchlist/get-watchlist?platform=android&limit=10&randomID=4883&error_version=2&result_type=ottplay_id"},"category":"xhr","level":"info"},{"timestamp":"2025-11-07T15:39:24.018Z","message":"trackEvent with properties [object Object]","data":{"logger":"console","arguments":["trackEvent with properties",{"locationAttributes":{},"isNonInteractive":false,"dateTimeAttributes":{},"generalAttributes":{"screen":"/settings"}}]},"category":"console","level":"debug"},{"timestamp":"2025-11-07T15:39:24.944Z","message":"trackEvent with properties [object Object]","data":{"logger":"console","arguments":["trackEvent with properties",{"locationAttributes":{},"isNonInteractive":false,"dateTimeAttributes":{},"generalAttributes":{"eventCategory":"sso_signin_cta","eventAction":"settings"}}]},"category":"console","level":"debug"},{"timestamp":"2025-11-07T15:39:25.133Z","message":"Navigation to SignInOrRegister","type":"navigation","data":{"from":"Settings","to":"SignInOrRegister"},"category":"navigation","level":"info"},{"timestamp":"2025-11-07T15:39:27.041Z","message":"Navigation to SSOSignIn","type":"navigation","data":{"from":"SignInOrRegister","to":"SSOSignIn"},"category":"navigation","level":"info"},{"timestamp":"2025-11-07T15:39:27.079Z","message":"key--- 5bHOter82F5","data":{"logger":"console","arguments":["key---",["5bHOter82F5"]]},"category":"console","level":"debug"},{"timestamp":"2025-11-07T15:39:27.083Z","message":"trackEvent with properties [object Object]","data":{"logger":"console","arguments":["trackEvent with properties",{"locationAttributes":{},"isNonInteractive":false,"dateTimeAttributes":{},"generalAttributes":{"screen":"/login/////Settings/"}}]},"category":"console","level":"debug"},{"timestamp":"2025-11-07T15:39:29.222Z","message":"trackEvent with properties [object Object]","data":{"logger":"console","arguments":["trackEvent with properties",{"locationAttributes":{},"isNonInteractive":false,"dateTimeAttributes":{},"generalAttributes":{"eventCategory":"sso_forgot_password","eventAction":"click"}}]},"category":"console","level":"debug"},{"timestamp":"2025-11-07T15:39:45.707Z","type":"system","data":{"upload_bandwidth":0,"action":"NETWORK_CAPABILITIES_CHANGED","vpn_active":false,"network_type":"cellular","download_bandwidth":11342},"category":"network.event","level":"info"},{"timestamp":"2025-11-07T15:39:47.877Z","message":"Will track user attribute [attributeName]: Android Version attributeValue: 10","data":{"logger":"console","arguments":["Will track user attribute [attributeName]: Android Version attributeValue: 10"]},"category":"console","level":"debug"},{"timestamp":"2025-11-07T15:39:47.880Z","message":"Will track user attribute [attributeName]: iOS Version attributeValue:  ","data":{"logger":"console","arguments":["Will track user attribute [attributeName]: iOS Version attributeValue:  "]},"category":"console","level":"debug"},{"timestamp":"2025-11-07T15:39:49.111Z","type":"http","data":{"status_code":200.0,"method":"POST","url":"https://accounts.hindustantimes.com/v3/mobile/login/viaPassword"},"category":"xhr","level":"info"},{"timestamp":"2025-11-07T15:39:49.320Z","message":"Will set unique ID: 1713399725309","data":{"logger":"console","arguments":["Will set unique ID: 1713399725309"]},"category":"console","level":"debug"},{"timestamp":"2025-11-07T15:39:49.327Z","message":"Will set email-id 916395802758.1713399725309@htdigital.sso","data":{"logger":"console","arguments":["Will set email-id 916395802758.1713399725309@htdigital.sso"]},"category":"console","level":"debug"},{"timestamp":"2025-11-07T15:39:49.329Z","message":"Will set Mobile Number: 916395802758","data":{"logger":"console","arguments":["Will set Mobile Number: 916395802758"]},"category":"console","level":"debug"},{"timestamp":"2025-11-07T15:39:49.330Z","message":"Will set first name: Viewer","data":{"logger":"console","arguments":["Will set first name: Viewer"]},"category":"console","level":"debug"},{"timestamp":"2025-11-07T15:39:49.332Z","message":"trackEvent with properties [object Object]","data":{"logger":"console","arguments":["trackEvent with properties",{"locationAttributes":{},"isNonInteractive":false,"dateTimeAttributes":{},"generalAttributes":{"eventCategory":"sso_signin_sucess","eventLabel":"existing","eventAction":"mobile+password"}}]},"category":"console","level":"debug"},{"timestamp":"2025-11-07T15:39:49.644Z","type":"http","data":{"status_code":200.0,"method":"POST","url":"https://api2.ottplay.com/api/v4.5/mobile/user/auth/login"},"category":"xhr","level":"info"},{"timestamp":"2025-11-07T15:39:49.852Z","type":"system","data":{"upload_bandwidth":0,"action":"NETWORK_CAPABILITIES_CHANGED","vpn_active":false,"network_type":"cellular","download_bandwidth":28},"category":"network.event","level":"info"},{"timestamp":"2025-11-07T15:39:50.047Z","type":"http","data":{"status_code":200.0,"method":"GET","url":"https://api2.ottplay.com/api/v3/mobile/user/auth/data/1713399725309?randomId=952"},"category":"xhr","level":"info"},{"timestamp":"2025-11-07T15:39:50.476Z","message":"Will track user attribute [attributeName]: userType attributeValue: logged in","data":{"logger":"console","arguments":["Will track user attribute [attributeName]: userType attributeValue: logged in"]},"category":"console","level":"debug"},{"timestamp":"2025-11-07T15:39:50.479Z","message":"Will track user attribute [attributeName]: user_unique_id attributeValue: 7wb293WnLT6g1b76","data":{"logger":"console","arguments":["Will track user attribute [attributeName]: user_unique_id attributeValue: 7wb293WnLT6g1b76"]},"category":"console","level":"debug"},{"timestamp":"2025-11-07T15:39:51.651Z","message":"Will track user attribute [attributeName]: user_unique_id attributeValue: 1713399725309","data":{"logger":"console","arguments":["Will track user attribute [attributeName]: user_unique_id attributeValue: 1713399725309"]},"category":"console","level":"debug"},{"timestamp":"2025-11-07T15:39:51.997Z","type":"http","data":{"status_code":200.0,"method":"GET","url":"https://ottwatch-webapp.s3.ap-south-1.amazonaws.com/prod/prod_constants.json"},"category":"xhr","level":"info"},{"timestamp":"2025-11-07T15:39:52.060Z","type":"http","data":{"status_code":200.0,"method":"GET","url":"https://ottwatch-webapp.s3.ap-south-1.amazonaws.com/prod/prod_constants.json"},"category":"xhr","level":"info"},{"timestamp":"2025-11-07T15:39:52.071Z","type":"http","data":{"status_code":200.0,"method":"GET","url":"https://ottwatch-webapp.s3.ap-south-1.amazonaws.com/prod/prod_constants.json"},"category":"xhr","level":"info"},{"timestamp":"2025-11-07T15:39:52.078Z","type":"http","data":{"status_code":200.0,"method":"GET","url":"https://ottwatch-webapp.s3.ap-south-1.amazonaws.com/prod/prod_constants.json"},"category":"xhr","level":"info"},{"timestamp":"2025-11-07T15:39:52.100Z","type":"http","data":{"status_code":200.0,"method":"GET","url":"https://ottwatch-webapp.s3.ap-south-1.amazonaws.com/prod/prod_constants.json"},"category":"xhr","level":"info"},{"timestamp":"2025-11-07T15:39:52.175Z","type":"http","data":{"status_code":200.0,"method":"GET","url":"https://ottwatch-webapp.s3.ap-south-1.amazonaws.com/prod/prod_constants.json"},"category":"xhr","level":"info"},{"timestamp":"2025-11-07T15:39:52.228Z","type":"http","data":{"status_code":200.0,"method":"GET","url":"https://api2.ottplay.com/api/user-service/v1/user/app-rating/reviewlist?randomId=9325"},"category":"xhr","level":"info"},{"timestamp":"2025-11-07T15:39:52.237Z","type":"http","data":{"status_code":200.0,"method":"GET","url":"https://api2.ottplay.com/api/v4.5/mobile/widget/list/?platform=android&menu=Subscription&randomId=2280"},"category":"xhr","level":"info"},{"timestamp":"2025-11-07T15:39:52.271Z","type":"http","data":{"status_code":200.0,"method":"GET","url":"https://api2.ottplay.com/api/v4.5/mobile/widget/list/?platform=android&menu=Subscription&randomId=129"},"category":"xhr","level":"info"},{"timestamp":"2025-11-07T15:39:52.283Z","type":"http","data":{"status_code":200.0,"method":"GET","url":"https://api2.ottplay.com/api/v2.1/web/user/whatsappConsentStatus?randomId=7201"},"category":"xhr","level":"info"},{"timestamp":"2025-11-07T15:39:52.293Z","type":"http","data":{"status_code":200.0,"method":"GET","url":"https://api2.ottplay.com/api/user-service/v1/user/app-rating/show-feedback-popup?randomId=4441"},"category":"xhr","level":"info"},{"timestamp":"2025-11-07T15:39:52.379Z","type":"http","data":{"status_code":200.0,"method":"GET","url":"https://api2.ottplay.com/api/v4.1/mobile/plansubscribe/getusersubscription?randomId=27302"},"category":"xhr","level":"info"},{"timestamp":"2025-11-07T15:39:52.796Z","message":"trackEvent with properties [object Object]","data":{"logger":"console","arguments":["trackEvent with properties",{"locationAttributes":{},"isNonInteractive":false,"dateTimeAttributes":{},"generalAttributes":{"eventCategory":"nav_icon_click","eventAction":"/premium"}}]},"category":"console","level":"debug"},{"timestamp":"2025-11-07T15:39:52.812Z","message":"Navigation to MainStack","type":"navigation","data":{"from":"SSOSignIn","to":"MainStack"},"category":"navigation","level":"info"},{"timestamp":"2025-11-07T15:39:52.824Z","type":"http","data":{"status_code":200.0,"method":"GET","url":"https://api2.ottplay.com/api/v4.1/mobile/plansubscribe/getusersubscription?randomId=85202"},"category":"xhr","level":"info"},{"timestamp":"2025-11-07T15:39:52.939Z","type":"http","data":{"status_code":200.0,"method":"GET","url":"https://api2.ottplay.com/api/v4.5/mobile/widget/list/?platform=android&menu=Subscription&randomId=3665"},"category":"xhr","level":"info"},{"timestamp":"2025-11-07T15:39:52.960Z","type":"http","data":{"status_code":200.0,"method":"GET","url":"https://api2.ottplay.com/api/v3.1/mobile/onboard/onboard/crews?limit=9&platform=android&language=Telugu"},"category":"xhr","level":"info"},{"timestamp":"2025-11-07T15:39:52.966Z","type":"http","data":{"status_code":200.0,"method":"GET","url":"https://api2.ottplay.com/api/v3/mobile/user/parental-details?randomId=1487"},"category":"xhr","level":"info"},{"timestamp":"2025-11-07T15:39:52.979Z","type":"http","data":{"status_code":200.0,"method":"GET","url":"https://api2.ottplay.com/api/v3.1/mobile/onboard/onboard/casts?limit=9&platform=android&language=Telugu"},"category":"xhr","level":"info"},{"timestamp":"2025-11-07T15:39:52.996Z","type":"http","data":{"status_code":200.0,"method":"POST","url":"https://api2.ottplay.com/api/v3/mobile/user/v2/first-seen?randomId=239"},"category":"xhr","level":"info"},{"timestamp":"2025-11-07T15:39:52.999Z","type":"http","data":{"status_code":200.0,"method":"PUT","url":"https://api2.ottplay.com/api/v2.1/mobile/analytics/acquisitions"},"category":"xhr","level":"info"},{"timestamp":"2025-11-07T15:39:53.003Z","type":"http","data":{"status_code":200.0,"method":"GET","url":"https://api2.ottplay.com/api/v4.6/mobile/manage-profile/list-profiles?randomId=3268"},"category":"xhr","level":"info"},{"timestamp":"2025-11-07T15:39:53.007Z","message":"trackEvent with properties [object Object]","data":{"logger":"console","arguments":["trackEvent with properties",{"locationAttributes":{},"isNonInteractive":false,"dateTimeAttributes":{},"generalAttributes":{"screen":"/premium"}}]},"category":"console","level":"debug"},{"timestamp":"2025-11-07T15:39:53.021Z","type":"http","data":{"status_code":200.0,"method":"GET","url":"https://ottwatch-webapp.s3.ap-south-1.amazonaws.com/prod/prod_constants.json"},"category":"xhr","level":"info"},{"timestamp":"2025-11-07T15:39:53.039Z","type":"http","data":{"status_code":200.0,"method":"GET","url":"https://ottwatch-webapp.s3.ap-south-1.amazonaws.com/prod/prod_constants.json"},"category":"xhr","level":"info"},{"timestamp":"2025-11-07T15:39:53.155Z","type":"http","data":{"status_code":200.0,"method":"GET","url":"https://api2.ottplay.com/api/user-service/v1/user/app-rating/show-feedback-popup?randomId=952"},"category":"xhr","level":"info"},{"timestamp":"2025-11-07T15:39:53.211Z","type":"http","data":{"status_code":200.0,"method":"GET","url":"https://api2.ottplay.com/api/user-service/v1/user/app-rating/reviewlist?randomId=2837"},"category":"xhr","level":"info"},{"timestamp":"2025-11-07T15:39:53.244Z","type":"http","data":{"status_code":200.0,"method":"GET","url":"https://api2.ottplay.com/api/v4.6/mobile/manage-profile/list-profiles?randomId=4192"},"category":"xhr","level":"info"},{"timestamp":"2025-11-07T15:39:53.319Z","type":"http","data":{"status_code":200.0,"method":"GET","url":"https://api2.ottplay.com/api/v2.1/web/subscriptionplans?randomId=3064"},"category":"xhr","level":"info"},{"timestamp":"2025-11-07T15:39:53.378Z","type":"http","data":{"status_code":200.0,"method":"GET","url":"https://api2.ottplay.com/api/v4.5/mobile/widget/list/?platform=android&menu=Subscription&randomId=1250"},"category":"xhr","level":"info"},{"timestamp":"2025-11-07T15:39:53.393Z","type":"system","data":{"upload_bandwidth":0,"action":"NETWORK_CAPABILITIES_CHANGED","vpn_active":false,"network_type":"cellular","download_bandwidth":3870},"category":"network.event","level":"info"},{"timestamp":"2025-11-07T15:39:54.789Z","type":"http","data":{"status_code":200.0,"method":"POST","url":"https://api2.ottplay.com/api/v4.5/mobile/manage-profile/switch-profile"},"category":"xhr","level":"info"},{"timestamp":"2025-11-07T15:39:54.890Z","message":"trackEvent with properties [object Object]","data":{"logger":"console","arguments":["trackEvent with properties",{"locationAttributes":{},"isNonInteractive":false,"dateTimeAttributes":{},"generalAttributes":{"eventValue":"662067de948437001dbc0a1f","eventCategory":"switch_profile","eventLabel":"profile_pin_enabled=false","eventAction":"kids_profile_false"}}]},"category":"console","level":"debug"},{"timestamp":"2025-11-07T15:39:54.916Z","message":"Will try to show in-app.","data":{"logger":"console","arguments":["Will try to show in-app."]},"category":"console","level":"debug"},{"timestamp":"2025-11-07T15:39:54.939Z","message":"Navigation to MainStack","type":"navigation","data":{"from":"MainStack","to":"MainStack"},"category":"navigation","level":"info"},{"timestamp":"2025-11-07T15:39:55.008Z","message":"trackEvent with properties [object Object]","data":{"logger":"console","arguments":["trackEvent with properties",{"locationAttributes":{},"isNonInteractive":false,"dateTimeAttributes":{},"generalAttributes":{"eventCategory":"nav_icon_click","eventAction":"/premium"}}]},"category":"console","level":"debug"},{"timestamp":"2025-11-07T15:39:55.023Z","message":"Will try to show in-app.","data":{"logger":"console","arguments":["Will try to show in-app."]},"category":"console","level":"debug"},{"timestamp":"2025-11-07T15:39:55.110Z","type":"http","data":{"status_code":200.0,"method":"GET","url":"https://ottwatch-webapp.s3.ap-south-1.amazonaws.com/prod/prod_constants.json"},"category":"xhr","level":"info"},{"timestamp":"2025-11-07T15:39:55.128Z","type":"http","data":{"status_code":200.0,"method":"GET","url":"https://ottwatch-webapp.s3.ap-south-1.amazonaws.com/prod/prod_constants.json"},"category":"xhr","level":"info"},{"timestamp":"2025-11-07T15:39:55.135Z","message":"trackEvent with properties [object Object]","data":{"logger":"console","arguments":["trackEvent with properties",{"locationAttributes":{},"isNonInteractive":false,"dateTimeAttributes":{},"generalAttributes":{"screen":"/premium"}}]},"category":"console","level":"debug"},{"timestamp":"2025-11-07T15:39:55.155Z","type":"http","data":{"status_code":200.0,"method":"GET","url":"https://ottwatch-webapp.s3.ap-south-1.amazonaws.com/prod/prod_constants.json"},"category":"xhr","level":"info"},{"timestamp":"2025-11-07T15:39:55.260Z","type":"http","data":{"status_code":200.0,"method":"GET","url":"https://api2.ottplay.com/api/v4.5/mobile/ranking/?platform=android&module_name=Subscription&template_name=inline_renewal_banner&pin_it=false&section=widget&limit=25&randomId=9599"},"category":"xhr","level":"info"},{"timestamp":"2025-11-07T15:39:55.272Z","type":"http","data":{"status_code":200.0,"method":"GET","url":"https://api2.ottplay.com/api/v4.5/mobile/ranking/?platform=android&module_name=Subscription&template_name=inline_renewal_banner&pin_it=false&section=widget&limit=25&randomId=6732"},"category":"xhr","level":"info"},{"timestamp":"2025-11-07T15:39:55.294Z","type":"http","data":{"status_code":200.0,"method":"GET","url":"https://api2.ottplay.com/api/v4.5/mobile/widget/list/?platform=android&menu=Subscription&randomId=9478"},"category":"xhr","level":"info"},{"timestamp":"2025-11-07T15:39:55.628Z","type":"http","data":{"status_code":200.0,"method":"GET","url":"https://api2.ottplay.com/api/user-service/v1/user/app-rating/show-feedback-popup?randomId=9976"},"category":"xhr","level":"info"},{"timestamp":"2025-11-07T15:39:55.632Z","type":"http","data":{"status_code":200.0,"method":"GET","url":"https://api2.ottplay.com/api/user-service/v1/user/app-rating/reviewlist?randomId=6785"},"category":"xhr","level":"info"},{"timestamp":"2025-11-07T15:39:55.642Z","type":"http","data":{"status_code":200.0,"method":"GET","url":"https://api2.ottplay.com/api/v4.5/mobile/ranking/?platform=android&module_name=Subscription&template_name=inline_renewal_banner&pin_it=false&section=widget&limit=25&randomId=5067"},"category":"xhr","level":"info"},{"timestamp":"2025-11-07T15:39:56.096Z","type":"http","data":{"status_code":200.0,"method":"GET","url":"https://api2.ottplay.com/api/v3/mobile/user/auth/data/1713399725309?randomId=3690"},"category":"xhr","level":"info"},{"timestamp":"2025-11-07T15:39:56.150Z","type":"http","data":{"status_code":200.0,"method":"GET","url":"https://api2.ottplay.com/api/v4.5/mobile/ranking/?platform=android&module_name=Subscription&template_name=inline_renewal_banner&pin_it=false&section=widget&limit=25&randomId=5247"},"category":"xhr","level":"info"},{"timestamp":"2025-11-07T15:39:56.378Z","type":"http","data":{"status_code":200.0,"method":"GET","url":"https://api2.ottplay.com/api/v4.7/mobile/ranking/?module_name=Subscription&platform=android&limit=30&section=widget_mix_search_5&pin_it=true&title=Mix Search&template_name=subscription_banner&page=1&lang_pref=false&language=false&language_id=null&genre=false&genre_id=undefined&provider=false&provider_id=null&randomId=483"},"category":"xhr","level":"info"},{"timestamp":"2025-11-07T15:39:56.732Z","type":"http","data":{"status_code":200.0,"method":"GET","url":"https://api2.ottplay.com/api/v4.7/mobile/ranking/?module_name=Subscription&platform=android&limit=5&section=widget_restore_subscription&pin_it=false&title=Restore subscription&template_name=restore_subscription&page=1&lang_pref=false&language=false&language_id=null&genre=false&genre_id=undefined&provider=false&provider_id=null&randomId=2632"},"category":"xhr","level":"info"},{"timestamp":"2025-11-07T15:39:56.937Z","type":"http","data":{"status_code":200.0,"method":"GET","url":"https://api2.ottplay.com/api/re-service/v1.4/web/re-widget/premium-top-10-tv-shows/?module_name=Subscription&platform=android&limit=50&section=widget_oTTplay_top_10_shows&pin_it=false&title=OTTplay Top 10 Shows&template_name=Top10&page=1&lang_pref=false&language=false&language_id=null&genre=false&genre_id=undefined&provider=false&provider_id=null&randomId=2333"},"category":"xhr","level":"info"},{"timestamp":"2025-11-07T15:39:57.266Z","type":"http","data":{"status_code":200.0,"method":"GET","url":"https://api2.ottplay.com/api/v4.7/mobile/ranking/?module_name=Subscription&platform=android&limit=5&section=widget_continue_watching&pin_it=false&title=Continue Watching&template_name=continue_watching&page=1&lang_pref=false&language=false&language_id=null&genre=false&genre_id=undefined&provider=false&provider_id=null&randomId=951"},"category":"xhr","level":"info"},{"timestamp":"2025-11-07T15:39:57.555Z","type":"http","data":{"status_code":200.0,"method":"GET","url":"https://api2.ottplay.com/api/v4.7/mobile/ranking/?module_name=Subscription&platform=android&limit=5&section=widget_rating_nudge&pin_it=true&title=Rating Nudge&template_name=rating_nudge&page=1&lang_pref=false&language=false&language_id=null&genre=false&genre_id=undefined&provider=false&provider_id=null&randomId=6966"},"category":"xhr","level":"info"},{"timestamp":"2025-11-07T15:39:57.748Z","type":"http","data":{"status_code":200.0,"method":"GET","url":"https://api2.ottplay.com/api/v4.7/mobile/ranking/?module_name=Subscription&platform=android&limit=5&section=widget_india_tour_of_australia_2025&pin_it=true&title=India Tour of Australia 2025&template_name=sports_highlights&page=1&lang_pref=false&language=false&language_id=null&genre=false&genre_id=undefined&provider=false&provider_id=null&randomId=7662"},"category":"xhr","level":"info"},{"timestamp":"2025-11-07T15:39:58.181Z","type":"http","data":{"status_code":200.0,"method":"GET","url":"https://api2.ottplay.com/api/v4.5/mobile/watchlist/get-watchlist?platform=android&limit=10&randomID=6460&error_version=2&result_type=ottplay_id"},"category":"xhr","level":"info"},{"timestamp":"2025-11-07T15:39:58.427Z","message":"trackEvent with properties [object Object]","data":{"logger":"console","arguments":["trackEvent with properties",{"locationAttributes":{},"isNonInteractive":false,"dateTimeAttributes":{},"generalAttributes":{"eventCategory":"nav_icon_click","eventAction":"/me"}}]},"category":"console","level":"debug"},{"timestamp":"2025-11-07T15:39:58.788Z","message":"Navigation to Settings","type":"navigation","data":{"from":"MainStack","to":"Settings"},"category":"navigation","level":"info"},{"timestamp":"2025-11-07T15:39:59.069Z","message":"trackEvent with properties [object Object]","data":{"logger":"console","arguments":["trackEvent with properties",{"locationAttributes":{},"isNonInteractive":false,"dateTimeAttributes":{},"generalAttributes":{"screen":"/settings"}}]},"category":"console","level":"debug"},{"timestamp":"2025-11-07T15:39:59.318Z","type":"http","data":{"status_code":200.0,"method":"GET","url":"https://api2.ottplay.com/api/user-service/v1/user/app-rating/reviewlist?randomId=7420"},"category":"xhr","level":"info"},{"timestamp":"2025-11-07T15:39:59.335Z","type":"http","data":{"status_code":200.0,"method":"GET","url":"https://api2.ottplay.com/api/user-service/v1/user/app-rating/show-feedback-popup?randomId=3854"},"category":"xhr","level":"info"},{"timestamp":"2025-11-07T15:39:59.395Z","type":"http","data":{"status_code":422.0,"method":"GET","url":"https://api2.ottplay.com/api/payment-service/v2.1/web/upgradeplan?plan_code=ott_all&subscription_id=942353139643750691"},"category":"xhr","level":"info"},{"timestamp":"2025-11-07T15:39:59.444Z","type":"http","data":{"status_code":200.0,"method":"GET","url":"https://api2.ottplay.com/api/v4.6/mobile/manage-profile/list-profiles?randomId=9044"},"category":"xhr","level":"info"},{"timestamp":"2025-11-07T15:39:59.572Z","message":"trackEvent with properties [object Object]","data":{"logger":"console","arguments":["trackEvent with properties",{"locationAttributes":{},"isNonInteractive":false,"dateTimeAttributes":{},"generalAttributes":{"eventValue":2.0,"eventCategory":"widget_impression","eventLabel":"","eventAction":"/premium/Restore subscription"}}]},"category":"console","level":"debug"},{"timestamp":"2025-11-07T15:39:59.732Z","type":"http","data":{"status_code":201.0,"method":"POST","url":"https://api2.ottplay.com/api/v3/mobile/analytics/"},"category":"xhr","level":"info"},{"timestamp":"2025-11-07T15:40:00.556Z","type":"system","data":{"upload_bandwidth":0,"action":"NETWORK_CAPABILITIES_CHANGED","vpn_active":false,"network_type":"cellular","download_bandwidth":6493},"category":"network.event","level":"info"},{"timestamp":"2025-11-07T15:40:02.533Z","message":"Navigation to TVLogin","type":"navigation","data":{"from":"Settings","to":"TVLogin"},"category":"navigation","level":"info"},{"timestamp":"2025-11-07T15:40:03.650Z","type":"system","data":{"upload_bandwidth":0,"action":"NETWORK_CAPABILITIES_CHANGED","vpn_active":false,"network_type":"cellular","download_bandwidth":2774},"category":"network.event","level":"info"},{"timestamp":"2025-11-07T15:40:04.031Z","message":"Navigation to Settings","type":"navigation","data":{"from":"TVLogin","to":"Settings"},"category":"navigation","level":"info"},{"timestamp":"2025-11-07T15:40:06.256Z","type":"navigation","data":{"state":"background"},"category":"app.lifecycle","level":"info"},{"timestamp":"2025-11-07T15:40:36.290Z","type":"session","data":{"state":"end"},"category":"app.lifecycle","level":"info"},{"timestamp":"2025-11-07T15:40:52.905Z","type":"system","data":{"upload_bandwidth":0,"action":"NETWORK_CAPABILITIES_CHANGED","vpn_active":false,"network_type":"cellular","download_bandwidth":7},"category":"network.event","level":"info"},{"timestamp":"2025-11-07T15:41:04.620Z","type":"system","data":{"upload_bandwidth":0,"action":"NETWORK_CAPABILITIES_CHANGED","vpn_active":false,"network_type":"cellular","download_bandwidth":1266},"category":"network.event","level":"info"},{"timestamp":"2025-11-07T15:41:15.022Z","message":"Low memory","type":"system","data":{"level":80,"action":"LOW_MEMORY"},"category":"device.event","level":"warning"}]