<?xml version='1.0' encoding='utf-8' standalone='yes' ?>
<map>
    <int name="AF_CACHE_VERSION" value="1" />
    <string name="prev_event_name">home_page_refreshed</string>
    <long name="prev_event_timestamp" value="1762045321188" />
    <boolean name="didSendRevenueTriggerOnLastBackground" value="false" />
    <int name="appsFlyerInAppEventCount" value="19" />
    <string name="gcd">{&quot;net&quot;:2,&quot;retries&quot;:2}</string>
    <long name="prev_session_dur" value="42" />
    <boolean name="ddl_sent" value="true" />
    <long name="af_rc_max_age" value="86400" />
    <string name="sentSuccessfully">true</string>
    <int name="versionCode" value="29" />
    <string name="af_remote_config">eyJmZWF0dXJlcyI6e30sInZlciI6ImRlZmF1bHQudjEuMTYzNzE0OTUyOSJ9</string>
    <string name="savedProperties">{&quot;logLevel&quot;:&quot;0&quot;}</string>
    <string name="AF_INSTALLATION">1762045212005-732128595451996244</string>
    <boolean name="afUninstallToken_queued" value="false" />
    <int name="appsFlyerCount" value="2" />
    <long name="AppsFlyerTimePassedSincePrevLaunch" value="1762045269920" />
    <boolean name="newGPReferrerSent" value="true" />
    <long name="af_rc_timestamp" value="1762045270177" />
    <string name="appsFlyerFirstInstall">2025-11-01_220012-0300</string>
</map>
