{"Fid":"fUnSX4txTmKc0bNgpBEzh_","Status":3,"AuthToken":"eyJhbGciOiJFUzI1NiIsInR5cCI6IkpXVCJ9.eyJhcHBJZCI6IjE6NDYxOTI0ODEyMzgyOmFuZHJvaWQ6MTE5ZDBmOTM1MTlmMzg0ZDI5MTZjZiIsImV4cCI6MTc2MTM2MDUzMSwiZmlkIjoiZlVuU1g0dHhUbUtjMGJOZ3BCRXpoXyIsInByb2plY3ROdW1iZXIiOjQ2MTkyNDgxMjM4Mn0.AB2LPV8wRgIhAK-kQMWrJv91EdDrSkDviG3NFpC8ZYEx7lqnHzGtfEZJAiEA5u-Lr62Qw7HXkl3YR9wSf9P9fYGiqKbDEWScqPs8HoM","RefreshToken":"3_AS3qfwL5hEfNjSNToHdCNtjH9-I-Qw0dSClBlfRii2GcU93HcotX8MWybUkyH6J1CH8aYoEZdj5-XAk3sJPFWvBC8fvhof-FxnI1weP8yhEw8A","TokenCreationEpochInSecs":1760755732,"ExpiresInSecs":604800}