<?xml version='1.0' encoding='utf-8' standalone='yes' ?>
<map>
    <boolean name="deep_link_retrieval_complete" value="true" />
    <long name="first_open_time" value="1762528904079" />
    <string name="gmp_app_id">1:170230826584:android:66cb3020e9577d91</string>
    <string name="app_instance_id">06214410555e31dee1d6f788949bd7e5</string>
    <long name="deep_link_retrieval_attempts" value="1" />
    <long name="session_id" value="1762528906" />
    <boolean name="app_backgrounded" value="true" />
    <long name="health_monitor:start" value="1762528905180" />
    <boolean name="use_service" value="true" />
    <boolean name="deferred_analytics_collection" value="false" />
    <string name="previous_os_version">14</string>
    <boolean name="has_been_opened" value="true" />
    <boolean name="allow_remote_dynamite" value="true" />
    <long name="last_pause_time" value="1762529272205" />
    <boolean name="start_new_session" value="false" />
</map>
