<?xml version='1.0' encoding='utf-8' standalone='yes' ?>
<map>
    <string name="Login Result:RKW-4R7-785Z">1|1762528940|1762528940</string>
    <string name="page_visit:RKW-4R7-785Z">13|1762528910|1762529258</string>
    <string name="Landing on Login / Registration Screen:RKW-4R7-785Z">1|1762528915|1762528915</string>
    <string name="af_login:RKW-4R7-785Z">2|1762528940|1762528940</string>
    <string name="Screen View:RKW-4R7-785Z">5|1762528909|1762529254</string>
    <string name="Mobile_Login_start:RKW-4R7-785Z">1|1762528924|1762528924</string>
    <string name="Login Success:RKW-4R7-785Z">1|1762528940|1762528940</string>
    <string name="CTAs:RKW-4R7-785Z">14|1762528914|1762529258</string>
    <string name="Login Screen Display:RKW-4R7-785Z">1|1762528915|1762528915</string>
    <string name="First Launch:RKW-4R7-785Z">1|1762528909|1762528909</string>
    <string name="Widget Impression:RKW-4R7-785Z">8|1762528910|1762529015</string>
    <string name="Notification Viewed:RKW-4R7-785Z">1|1762528913|1762528913</string>
    <string name="App session:RKW-4R7-785Z">3|1762528909|1762529254</string>
    <string name="Username Entered:RKW-4R7-785Z">1|1762528919|1762528919</string>
    <string name="Login Registration Screen Display:RKW-4R7-785Z">1|1762528915|1762528915</string>
    <string name="App Launched:RKW-4R7-785Z">4|1762528909|1762529250</string>
    <string name="Mobile_Login_Successful:RKW-4R7-785Z">1|1762528940|1762528940</string>
    <string name="Mobile_password_change_reset:RKW-4R7-785Z">1|1762528938|1762528938</string>
    <string name="Login Submit:RKW-4R7-785Z">1|1762528938|1762528938</string>
    <string name="App Install:RKW-4R7-785Z">1|1762528910|1762528910</string>
    <string name="Widget CTAs:RKW-4R7-785Z">1|1762529016|1762529016</string>
    <string name="signin_success:RKW-4R7-785Z">2|1762528940|1762528940</string>
</map>
