<?xml version='1.0' encoding='utf-8' standalone='yes' ?>
<map>
    <string name="instance:RKW-4R7-785Z">{&quot;accountId&quot;:&quot;RKW-4R7-785Z&quot;,&quot;accountToken&quot;:&quot;a24-032&quot;,&quot;analyticsOnly&quot;:false,&quot;isDefaultInstance&quot;:false,&quot;useGoogleAdId&quot;:true,&quot;disableAppLaunchedEvent&quot;:false,&quot;personalization&quot;:true,&quot;debugLevel&quot;:0,&quot;createdPostAppLaunch&quot;:false,&quot;sslPinning&quot;:false,&quot;backgroundSync&quot;:true,&quot;getEnableCustomCleverTapId&quot;:false,&quot;beta&quot;:false,&quot;allowedPushTypes&quot;:[&quot;FCM&quot;,&quot;XPS&quot;,&quot;HPS&quot;,&quot;BPS&quot;,&quot;ADM&quot;]}</string>
    <int name="comms_first_ts:RKW-4R7-785Z" value="1762528939" />
    <int name="comms_mtd:RKW-4R7-785Z" value="0" />
    <string name="inApp:RKW-4R7-785Z">[]</string>
    <int name="imc:__g32b09acc0c884a858ffe3b71c0367bc6:RKW-4R7-785Z" value="1" />
    <string name="variablesKey:RKW-4R7-785Z">{}</string>
    <int name="comms_last_ts:RKW-4R7-785Z" value="1762529271" />
    <int name="istc_inapp:__1142bdf2d4c54a8da7f2de024c08b934:RKW-4R7-785Z" value="0" />
    <string name="cachedGUIDsKey:RKW-4R7-785Z">{&quot;Email_N\/A&quot;:&quot;__g32b09acc0c884a858ffe3b71c0367bc6&quot;,&quot;Identity_&quot;:&quot;__g32b09acc0c884a858ffe3b71c0367bc6&quot;,&quot;Identity_Z5X_8d734fc9a4320e030b21ef3bf665348a13f9c67372e4ac088a4cdd6202cc049c&quot;:&quot;__g32b09acc0c884a858ffe3b71c0367bc6&quot;,&quot;Email_&quot;:&quot;__1142bdf2d4c54a8da7f2de024c08b934&quot;,&quot;Identity_26b3a6ad-eef1-491e-b8f2-ee6defb7154a&quot;:&quot;__1142bdf2d4c54a8da7f2de024c08b934&quot;}</string>
    <string name="ict_date:__1142bdf2d4c54a8da7f2de024c08b934:RKW-4R7-785Z">07112025</string>
    <int name="pfjobid" value="-1764824823" />
    <int name="istmcd_inapp:__g32b09acc0c884a858ffe3b71c0367bc6:RKW-4R7-785Z" value="10" />
    <int name="sexe:RKW-4R7-785Z" value="1762529272" />
    <string name="comms_dmn:RKW-4R7-785Z">in1.clevertap-prod.com</string>
    <string name="SP_KEY_PROFILE_IDENTITIES:RKW-4R7-785Z">Email,Identity</string>
    <string name="deviceId:RKW-4R7-785Z">__1142bdf2d4c54a8da7f2de024c08b934</string>
    <string name="ict_date:__g32b09acc0c884a858ffe3b71c0367bc6:RKW-4R7-785Z">07112025</string>
    <int name="imc:__1142bdf2d4c54a8da7f2de024c08b934:RKW-4R7-785Z" value="1" />
    <int name="istmcd_inapp:__1142bdf2d4c54a8da7f2de024c08b934:RKW-4R7-785Z" value="10" />
    <int name="istc_inapp:__g32b09acc0c884a858ffe3b71c0367bc6:RKW-4R7-785Z" value="1" />
    <string name="comms_dmn_spiky:RKW-4R7-785Z">in1-spiky.clevertap-prod.com</string>
    <int name="lastSessionId:RKW-4R7-785Z" value="1762529250" />
</map>
