<?xml version='1.0' encoding='utf-8' standalone='yes' ?>
<map>
    <int name="d_ts" value="0" />
    <int name="dh" value="0" />
    <int name="hgt" value="4" />
    <string name="av">38.86.1</string>
    <int name="v" value="2" />
    <int name="wdt" value="2" />
    <string name="j_n">ZWphfQsCBgZlbA==</string>
    <string name="i_n">ZWphfQsCBgZlbA==</string>
    <int name="r_ts" value="1762528939" />
    <string name="id">RKW-4R7-785Z</string>
    <string name="k_n">DHgIfmpvCVBgaWYtNGMzfwECAVFnaWIpZWs3LQFSVwJhb2F/bztjeFQJUgJgaWV5Mm4zKAIICVVjOTYvYWhieVFTAQBuOXAW</string>
    <string name="j_s">{}</string>
</map>
