{"configs_key":{"activateTvNudge":"{\"activateTVModal\":{\"max_count\":1,\"image\":\"https:\/\/images.ottplay.com\/images\/media\/gallery\/activateTVAd.gif\"},\"activateTVPage\":[\"https:\/\/images.ottplay.com\/images\/media\/gallery\/activateTV_Step1.png\",\"https:\/\/images.ottplay.com\/images\/media\/gallery\/activateTV_Step2.png\",\"https:\/\/images.ottplay.com\/images\/media\/gallery\/activateTV_Step3.png\",\"https:\/\/images.ottplay.com\/images\/media\/gallery\/activateTV_Step4.png\"],\"availablePlatform\":\"https:\/\/images.ottplay.com\/images\/activate-tv-available-platforms-1742390204.png\",\"backgroundActivateTv\":\"https:\/\/images.ottplay.com\/images\/big\/activate-tv-bg-1742390255.jpeg\",\"backgroundActivateTvPortrait\":\"https:\/\/images.ottplay.com\/images\/big\/activate-tv-portrait-bg-1743682690.jpeg\",\"backgroundActivateTvLandscape\":\"https:\/\/images.ottplay.com\/images\/big\/activate-tv-landscape-bg-1743682663.jpeg\"}","ads_disable_android":"true","ads_disable_android_2":"true","ads_disable_ios":"true","ads_disable_ios_2":"true","app_update_nudge_home":"{\"CTAText\":\"Install\",\"androidAppVersion\":\"0.37.63(2)\",\"androidVersionCode\":\"370630002\",\"playStoreLink\":\"https:\/\/play.google.com\/store\/apps\/details?id=com.ht.ottplay&pcampaignid=web_share\",\"desc\":\"Enjoy a more seamless experience\",\"iOSAppVersion\":\"0.37.63(2)\",\"iOSVersionCode\":\"370630002\",\"appStoreLink\":\"https:\/\/apps.apple.com\/in\/app\/ottplay\/id1536115085\",\"title\":\"App Update Available\",\"visible\":true,\"versionVisible\":false}","app_update_nudge_my_profile":"{\"CTAText\":\"Install\",\"androidAppVersion\":\"0.37.63(2)\",\"androidVersionCode\":\"370630002\",\"playStoreLink\":\"https:\/\/play.google.com\/store\/apps\/details?id=com.ht.ottplay&pcampaignid=web_share\",\"desc\":\"Enjoy a more seamless experience\",\"iOSAppVersion\":\"0.37.63(2)\",\"iOSVersionCode\":\"370630002\",\"appStoreLink\":\"https:\/\/apps.apple.com\/in\/app\/ottplay\/id1536115085\",\"title\":\"App Update Available\",\"visible\":true,\"versionVisible\":false}","asia_cup_data":"{\"isVisible\":true,\"data\":[{\"id\":1,\"name\":\"Asia Cup\",\"image\":\"https:\/\/images.ottplay.com\/images\/asia-cup-icon-1756188005.png\",\"backgroundColor\":\"#140534\",\"backgroundImg\":\"https:\/\/images.ottplay.com\/images\/asia-cup-9-sept-1756187910.png\",\"borderColor\":[\"#A5008A\",\"#0077C0\",\"#4DB649\",\"#FEC10E\",\"#F4821C\",\"#DA2027\"],\"url\":\"https:\/\/www.ottplay.com\/live-tv\/navbharat-2025\/ddff5a3a20332\"},{\"id\":2,\"name\":\"US open\",\"image\":\"https:\/\/images.ottplay.com\/images\/usopen-logo-1756371265.png\",\"backgroundColor\":\"#00288A\",\"backgroundImg\":\"https:\/\/images.ottplay.com\/images\/usopen-bg-full-1756371234.png\",\"borderColor\":[\"#FFD400\",\"#FC8800\"],\"url\":\"https:\/\/www.ottplay.com\/live-tv\/navbharat-2025\/ddff5a3a20332\"}]}","bails_and_banter":"{\"android\":true,\"ios\":true,\"ipad\":true,\"tablet\":true}","cancalletion_char_count":"40","codepushConfig":"{\"enable\":true,\"beta\":false,\"betaUsers\":[\"919309223744\",\"919075379698\",\"918879543590\",\"918317060401\",\"917087099932\"]}","default_skip_credit_time":"{\"movie\":\"240\", \"show\":\"20\", \"sport\":\"12\"}","disable_maxbitrate_cap":"true","enable_ab_test":"default","enable_new_relic":"false","generic_popup":"{\"title\":\"\",\"description\":\"\",\"isCtaEnabled\":false,\"CtaText\":\"\",\"redirectionURL\":\"\",\"openInBrowser\":false,\"openInAppBrowser\":true,\"openInApp\":false,\"isVisible\":false}","generic_reco_enabled":"false","homepage_network_issue":"{\"EmptyHomeScreenTitle\":\"Oops! Something Went Wrong\",\"EmptyHomeScreenDescription\":\"Can’t load OTTplay right now - might be a network issue or a glitch. Try refreshing!🚀\"}","isHideJhakaas":"false","liveTvTabs":"{     \"LIVE_TV_TABS\": [         {             \"id\": 0,             \"name\": \"Search\",             \"selected\": false         },         {             \"id\": 1,             \"name\": \"Explore\",             \"selected\": true         },         {             \"id\": 2,             \"name\": \"All Channels\",             \"selected\": false         },         {             \"id\": 3,             \"name\": \"Channels By Categories\",             \"selected\": false         },         {             \"id\": 4,             \"name\": \"Channels By Languages\",             \"selected\": false         }     ] }","liveTv_Channels_SearchBar_showHide":"false","live_remove_option":"{\"stg\":true,\"prod\":true}","mandate_benefit_nudge":"{\"headerMobile\":\"Autopay perks\\nunlocked!\",\"headerTab\":\"Autopay perks unlocked!\",\"isVisible\":false,\"activePlanIds\":[\"ottplay_simply_south_monthly\",\"ottplay_flexi_yearly\",\"ottplay_jhakaas_monthly_new_sept\",\"ottplay_jhakaas_annual\",\"ottplay_power_play_monthly_new\",\"ottplay_all_new\",\"ottplay_jhakaas_quarterly\",\"ottplay_dus_ka_dum\",\"ottplay_thalaiva\",\"ottplay_sports_monthly\",\"ottplay_sports_yearly\",\"ottplay_jhakaas_half_yearly\",\"ottplay_premium\",\"ottplay_south\",\"ottplay_flexi_monthly\",\"ott_power_play_monthly\",\"ott_all\",\"ott_flexi_plan_yearly\",\"ott_flexi_monthly\",\"ott_jhakaas_quarterly_nov_month\",\"ott_hindi_nov_month\",\"ott_jhakkas_monthly_nov_month\",\"ott_south\",\"ott_simply_south_monthly\",\"ott_sports_monthly\",\"ott_sports_yearly\",\"ott_nasha_monthly\",\"ott_nasha_monthly\",\"ott_thalaiva\",\"ott_dus_ka_dum\"],\"inActivePlanIds\":[],\"benefitData\":[{\"icon\":\"https:\/\/images.ottplay.com\/images\/download-1749530459.png?impolicy=ottplay-202501_high&width=426&height=200\",\"title\":\"Watch Offline\",\"subTitle\":\"Download & watch anytime\"},{\"icon\":\"https:\/\/images.ottplay.com\/images\/goal-1749530515.png?impolicy=ottplay-202501_high&width=426&height=200\",\"title\":\"Smart Picks\",\"subTitle\":\"Find content you’ll love\"},{\"icon\":\"https:\/\/images.ottplay.com\/images\/trending-topic-1749530606.png?impolicy=ottplay-202501_high&width=426&height=200\",\"title\":\"Never miss new releases\",\"subTitle\":\"Stream without interruptions\"},{\"icon\":\"https:\/\/images.ottplay.com\/images\/renewal-alert-1749530568.png?impolicy=ottplay-202501_high&width=426&height=200\",\"title\":\"Auto-renewal alerts\",\"subTitle\":\"Get a heads up before scheduled renewals\"},{\"icon\":\"https:\/\/images.ottplay.com\/images\/customer-support-1749469655.png?impolicy=ottplay-202501_high&width=426&height=200\",\"title\":\"Priority Help\",\"subTitle\":\"24\/7 customer support\"}]}","notificationPermissionModal":"2","provider_quick_tips":"{\"headerMobile\":\"Autopay perks\\nunlocked!\",\"headerTab\":\"Autopay perks unlocked!\",\"isVisible\":true,\"providerData\":{\"67977987ed126c0029b9f20c\":{\"isVisible\":true,\"benefitData\":[{\"icon\":\"https:\/\/images.ottplay.com\/images\/download-1749530459.png?impolicy=ottplay-202501_high&width=426&height=200\",\"title\":\"Watch Offline\",\"subTitle\":\"Download & watch anytime\"},{\"icon\":\"https:\/\/images.ottplay.com\/images\/goal-1749530515.png?impolicy=ottplay-202501_high&width=426&height=200\",\"title\":\"Smart Picks\",\"subTitle\":\"Find content you’ll love\"},{\"icon\":\"https:\/\/images.ottplay.com\/images\/trending-topic-1749530606.png?impolicy=ottplay-202501_high&width=426&height=200\",\"title\":\"Never miss new releases\",\"subTitle\":\"Stream without interruptions\"},{\"icon\":\"https:\/\/images.ottplay.com\/images\/renewal-alert-1749530568.png?impolicy=ottplay-202501_high&width=426&height=200\",\"title\":\"Auto-renewal alerts\",\"subTitle\":\"Get a heads up before scheduled renewals\"},{\"icon\":\"https:\/\/images.ottplay.com\/images\/customer-support-1749469655.png?impolicy=ottplay-202501_high&width=426&height=200\",\"title\":\"Priority Help\",\"subTitle\":\"24\/7 customer support\"}]}}}","recent_hide_view":"{\"stg\":true,\"prod\":true}","speed_threshold_kbps":"50"},"fetch_time_key":1762243387571,"abt_experiments_key":[],"personalization_metadata_key":{}}