{"Fid":"f6nfO-3DRlilYAG19dXPB-","Status":3,"AuthToken":"eyJhbGciOiJFUzI1NiIsInR5cCI6IkpXVCJ9.eyJhcHBJZCI6IjE6NDYxOTI0ODEyMzgyOmFuZHJvaWQ6MTE5ZDBmOTM1MTlmMzg0ZDI5MTZjZiIsImV4cCI6MTc2Mjg0ODE4NiwiZmlkIjoiZjZuZk8tM0RSbGlsWUFHMTlkWFBCLSIsInByb2plY3ROdW1iZXIiOjQ2MTkyNDgxMjM4Mn0.AB2LPV8wRQIgeTkIdLxNdkU7CnZO-s9F_4TtaFNO135bZjSl4imNvXwCIQCnRCOhcrkW7XyoaUF8nQYjiYJ-hMV_hEkKBDRVjFaPvQ","RefreshToken":"3_AS3qfwLG2NYQV8uZh8ks4LHN6JPcx40-2fZ1TP89c_2YhNgEdTUk4PjcoiKCEG6JduaJzP0NoCJZ0hgThXzGpEV5N0jpmPLlgNNpV7aC1JwxmQM","TokenCreationEpochInSecs":1762243386,"ExpiresInSecs":604800}