{"Fid":"f7uyy5KSSy22NqjO_0rpqK","Status":3,"AuthToken":"eyJhbGciOiJFUzI1NiIsInR5cCI6IkpXVCJ9.eyJhcHBJZCI6IjE6ODUwMjIwMDM3MDgxOmFuZHJvaWQ6YjgyMDdhYzQwNzViNWUxMTI3NWZjOCIsImV4cCI6MTc2MjAwNTk2OCwiZmlkIjoiZjd1eXk1S1NTeTIyTnFqT18wcnBxSyIsInByb2plY3ROdW1iZXIiOjg1MDIyMDAzNzA4MX0.AB2LPV8wRgIhALeQUwpqsQgT8qrKSP5HkEl_appZFTdE8dFcOuiRH7eHAiEA42DYX3zobDK_a3ieO0HyNJA8z_ZER_as_jNZeiPoIE8","RefreshToken":"3_AS3qfwJAdBjKXMMib67Xnuuy06Kek-_HNwu2q1_m_4qjH8zBH9eMuDumJa2JDBBGOFXcxDqLq0WDix6ALtnIETCqd2yhMzQIuAzQnjxeVXnKZA","TokenCreationEpochInSecs":1761401166,"ExpiresInSecs":604800}