<?xml version='1.0' encoding='utf-8' standalone='yes' ?>
<map>
    <string name="prev_event_name">app_session_start</string>
    <long name="prev_event_timestamp" value="1762956833081" />
    <int name="appsFlyerInAppEventCount" value="4" />
    <string name="afUninstallToken">fhS6A2cNRwa3eEkDY3bPYO:APA91bHr92jJuOJq3VBfMVD4M9hWeEtdauVAAEQC1mV_II3UpRael8L7UVFEKHZQr_CgKvZ14Gj9ZngMORNh1X1VZ5pxgB75syR8Gt9ckVk6hZkxXL2Gtog</string>
    <long name="prev_session_dur" value="5" />
    <long name="af_rc_max_age" value="86400" />
    <boolean name="ddl_sent" value="true" />
    <string name="sentSuccessfully">true</string>
    <string name="af_remote_config">eyJmZWF0dXJlcyI6e30sInZlciI6ImRlZmF1bHQudjEuMTYzNzE0OTUyOSJ9</string>
    <int name="versionCode" value="57" />
    <boolean name="sentRegisterRequestToAF" value="true" />
    <string name="savedProperties">{&quot;uid&quot;:&quot;1762939895776-9099482808038361545&quot;,&quot;oneLinkSlug&quot;:&quot;HRWp&quot;}</string>
    <string name="AF_INSTALLATION">1762939895776-9099482808038361545</string>
    <boolean name="afUninstallToken_queued" value="false" />
    <int name="appsFlyerCount" value="2" />
    <long name="af_rc_timestamp" value="1762939896107" />
    <long name="AppsFlyerTimePassedSincePrevLaunch" value="1762956831450" />
    <boolean name="newGPReferrerSent" value="true" />
    <string name="appsFlyerFirstInstall">2025-11-12_150136+0530</string>
    <long name="afUninstallToken_received_time" value="1762939899191" />
    <string name="attributionId">{&quot;install_time&quot;:&quot;2025-11-12 09:31:37.529&quot;,&quot;af_message&quot;:&quot;organic install&quot;,&quot;af_status&quot;:&quot;Organic&quot;,&quot;is_first_launch&quot;:false}</string>
</map>
