<?xml version='1.0' encoding='utf-8' standalone='yes' ?>
<map>
    <string name="com.applovin.sdk.9xd4.sc">FAIW6N%2BCHBa%2B6IIcGwBE9ggVIBbg%2BtSGz2YA</string>
    <string name="com.applovin.sdk.9xd4.device_id">101d787b8064c026df</string>
    <string name="com.applovin.sdk.9xd4.device_token">MaznYs97JTiqaqEwnZGZ5qWMkfEF5rVbY6FWaZSaZbd8DEIPdH06C9hgdVxLVizbul8JotpWvfMUmmlJhyqS6Vmgm_Z_arsedQvFL6T2noG8JA5i3SU87rp8PnGCUZa4xJbmByj_CE-7NPNGXIkKdRPMSEnLyQnD6F9K273xkes=</string>
    <string name="com.applovin.sdk.9xd4.plugin_version">13.0.1.0</string>
    <boolean name="com.applovin.sdk.9xd4.is_verbose_logging" value="false" />
</map>
