<?xml version='1.0' encoding='utf-8' standalone='yes' ?>
<map>
    <boolean name="com.applovin.sdk.launched_before" value="true" />
    <string name="com.applovin.sdk.device_test_group">6</string>
    <string name="com.applovin.sdk.stats">{}</string>
    <long name="com.applovin.sdk.install_date" value="1762939876465" />
    <string name="com.applovin.sdk.latest_installed_version">13.0.1</string>
    <boolean name="com.applovin.sdk.has_seen_but_not_accepted_privacy_policy" value="false" />
</map>
