<?xml version='1.0' encoding='utf-8' standalone='yes' ?>
<map>
    <long name="fire-count" value="1" />
    <string name="last-used-date">2025-11-12</string>
    <long name="fire-global" value="1762939895298" />
    <set name="fire-cls/19.0.3 fire-installations/18.0.0 fire-auth/23.0.0 device-model/158b180d41ca4459 android-min-sdk/23 device-name/9bd7e99d8813674c fire-rc/22.0.0 fire-abt/21.1.1 kotlin/2.1.20 fire-android/35 android-installer/com.android.vending fire-core/21.0.0 fire-perf/21.0.1 fire-core-ktx/21.0.0 fire-analytics/22.1.0 android-platform/ fire-fcm/24.0.1 android-target-sdk/27 fire-sessions/2.0.3 device-brand/29fc3a95128cd924 fire-transport/19.0.0">
        <string>2025-11-12</string>
    </set>
</map>
