<?xml version='1.0' encoding='utf-8' standalone='yes' ?>
<map>
    <long name="first_open_time" value="1763308625129" />
    <string name="gmp_app_id">1:1023133728894:android:f25a671f5194e1d618d82f</string>
    <boolean name="has_been_opened" value="true" />
    <string name="health_monitor:value">2WC133005:Service invalid</string>
    <boolean name="allow_remote_dynamite" value="true" />
    <long name="health_monitor:start" value="1763308625554" />
    <boolean name="start_new_session" value="true" />
    <long name="health_monitor:count" value="1" />
</map>
