<?xml version='1.0' encoding='utf-8' standalone='yes' ?>
<map>
    <long name="first_open_time" value="1761973048991" />
    <string name="gmp_app_id">1:732565920259:android:f6e58ab0ed20c3cd</string>
    <boolean name="has_been_opened" value="true" />
    <string name="health_monitor:value">2WC130000:Service invalid</string>
    <boolean name="allow_remote_dynamite" value="true" />
    <long name="health_monitor:start" value="1761973049309" />
    <boolean name="start_new_session" value="true" />
    <long name="health_monitor:count" value="6" />
    <boolean name="deferred_analytics_collection" value="true" />
</map>
