<?xml version='1.0' encoding='utf-8' standalone='yes' ?>
<map>
    <long name="fire-count" value="1" />
    <string name="last-used-date">2025-11-01</string>
    <long name="fire-global" value="1761973060745" />
    <set name="kotlin/2.1.21 fire-installations/18.0.0 fire-rc/22.1.2 fire-dl/22.1.0 fire-android/28 fire-app-check/18.0.0 fire-abt/21.1.1 fire-gcs/21.0.2 fire-core/21.0.0 fire-db-ktx/21.0.0 fire-core-ktx/21.0.0 android-platform/ fire-sessions/2.1.2 fire-cls/19.4.4 fire-transport/19.0.0 fire-perf-ktx/21.0.5 android-min-sdk/23 fire-rtdb/21.0.0 device-model/d9c1d7773b3a4838 android-installer/com.android.vending device-name/5e791772bca3df4d device-brand/305093566d2d5d65 fire-fcm/24.1.2 fire-perf/21.0.5 fire-analytics/22.5.0 android-target-sdk/27">
        <string>2025-11-01</string>
    </set>
</map>
