<?xml version='1.0' encoding='utf-8' standalone='yes' ?>
<map>
    <int name="encryptionMigrationFailureCount:48K-8WW-754Z" value="0" />
    <string name="ict_date:__94cf7d17b9b44f92b98a133119c3465d:48K-8WW-754Z">01112025</string>
    <boolean name="ssInAppMigrated:48K-8WW-754Z" value="true" />
    <string name="deviceId:48K-8WW-754Z">__94cf7d17b9b44f92b98a133119c3465d</string>
    <string name="pfworkid">48K-8WW-754Z</string>
    <string name="instance:48K-8WW-754Z">{&quot;accountId&quot;:&quot;48K-8WW-754Z&quot;,&quot;accountToken&quot;:&quot;00b-3b4&quot;,&quot;fcmSenderId&quot;:&quot;732565920259&quot;,&quot;analyticsOnly&quot;:false,&quot;isDefaultInstance&quot;:true,&quot;useGoogleAdId&quot;:false,&quot;disableAppLaunchedEvent&quot;:false,&quot;personalization&quot;:true,&quot;debugLevel&quot;:0,&quot;createdPostAppLaunch&quot;:false,&quot;sslPinning&quot;:false,&quot;backgroundSync&quot;:true,&quot;getEnableCustomCleverTapId&quot;:false,&quot;beta&quot;:false,&quot;encryptionLevel&quot;:0,&quot;allowedPushTypes&quot;:[]}</string>
    <int name="encryptionLevel:48K-8WW-754Z" value="0" />
    <int name="istc_inapp:__94cf7d17b9b44f92b98a133119c3465d:48K-8WW-754Z" value="0" />
</map>
